line_no	name	outcome	provenance_kind	status_source	source_line_no	source_match	command
2	abort01	PASS	initial_full_campaign	results/20260822T034337Z-firemarshal-qemu-br-crun-ltp-0/nacc-ltp-crun-results.tsv	2	line_no_and_name	abort01 abort01
4	accept01	PASS	initial_full_campaign	results/20260822T034337Z-firemarshal-qemu-br-crun-ltp-0/nacc-ltp-crun-results.tsv	4	line_no_and_name	accept01 accept01
5	accept02	PASS	initial_full_campaign	results/20260822T034337Z-firemarshal-qemu-br-crun-ltp-0/nacc-ltp-crun-results.tsv	5	line_no_and_name	accept02 accept02
6	accept03	PASS	initial_full_campaign	results/20260822T034337Z-firemarshal-qemu-br-crun-ltp-0/nacc-ltp-crun-results.tsv	6	line_no_and_name	accept03 accept03
8	accept4_01	PASS	initial_full_campaign	results/20260822T034337Z-firemarshal-qemu-br-crun-ltp-0/nacc-ltp-crun-results.tsv	8	line_no_and_name	accept4_01 accept4_01
10	access01	PASS	initial_full_campaign	results/20260822T034337Z-firemarshal-qemu-br-crun-ltp-0/nacc-ltp-crun-results.tsv	10	line_no_and_name	access01 access01
11	access02	PASS	initial_full_campaign	results/20260822T034337Z-firemarshal-qemu-br-crun-ltp-0/nacc-ltp-crun-results.tsv	11	line_no_and_name	access02 access02
12	access03	PASS	initial_full_campaign	results/20260822T034337Z-firemarshal-qemu-br-crun-ltp-0/nacc-ltp-crun-results.tsv	12	line_no_and_name	access03 access03
13	access04	PASS	initial_full_campaign	results/20260822T034337Z-firemarshal-qemu-br-crun-ltp-0/nacc-ltp-crun-results.tsv	13	line_no_and_name	access04 access04
15	acct01	PASS	initial_full_campaign	results/20260822T034337Z-firemarshal-qemu-br-crun-ltp-0/nacc-ltp-crun-results.tsv	15	line_no_and_name	acct01 acct01
16	acct02	PASS	initial_full_campaign	results/20260822T034337Z-firemarshal-qemu-br-crun-ltp-0/nacc-ltp-crun-results.tsv	16	line_no_and_name	acct02 acct02
18	add_key01	PASS	initial_full_campaign	results/20260822T034337Z-firemarshal-qemu-br-crun-ltp-0/nacc-ltp-crun-results.tsv	18	line_no_and_name	add_key01 add_key01
19	add_key02	PASS	initial_full_campaign	results/20260822T034337Z-firemarshal-qemu-br-crun-ltp-0/nacc-ltp-crun-results.tsv	19	line_no_and_name	add_key02 add_key02
20	add_key03	PASS	initial_full_campaign	results/20260822T034337Z-firemarshal-qemu-br-crun-ltp-0/nacc-ltp-crun-results.tsv	20	line_no_and_name	add_key03 add_key03
21	add_key04	PASS	initial_full_campaign	results/20260822T034337Z-firemarshal-qemu-br-crun-ltp-0/nacc-ltp-crun-results.tsv	21	line_no_and_name	add_key04 add_key04
22	add_key05	PASS	initial_full_campaign	results/20260822T034337Z-firemarshal-qemu-br-crun-ltp-0/nacc-ltp-crun-results.tsv	22	line_no_and_name	add_key05 add_key05
24	adjtimex01	PASS	initial_full_campaign	results/20260822T034337Z-firemarshal-qemu-br-crun-ltp-0/nacc-ltp-crun-results.tsv	24	line_no_and_name	adjtimex01 adjtimex01
25	adjtimex02	PASS	initial_full_campaign	results/20260822T034337Z-firemarshal-qemu-br-crun-ltp-0/nacc-ltp-crun-results.tsv	25	line_no_and_name	adjtimex02 adjtimex02
26	adjtimex03	PASS	initial_full_campaign	results/20260822T034337Z-firemarshal-qemu-br-crun-ltp-0/nacc-ltp-crun-results.tsv	26	line_no_and_name	adjtimex03 adjtimex03
28	alarm02	PASS	initial_full_campaign	results/20260822T034337Z-firemarshal-qemu-br-crun-ltp-0/nacc-ltp-crun-results.tsv	28	line_no_and_name	alarm02 alarm02
29	alarm03	PASS	initial_full_campaign	results/20260822T034337Z-firemarshal-qemu-br-crun-ltp-0/nacc-ltp-crun-results.tsv	29	line_no_and_name	alarm03 alarm03
30	alarm05	PASS	initial_full_campaign	results/20260822T034337Z-firemarshal-qemu-br-crun-ltp-0/nacc-ltp-crun-results.tsv	30	line_no_and_name	alarm05 alarm05
31	alarm06	PASS	initial_full_campaign	results/20260822T034337Z-firemarshal-qemu-br-crun-ltp-0/nacc-ltp-crun-results.tsv	31	line_no_and_name	alarm06 alarm06
32	alarm07	PASS	initial_full_campaign	results/20260822T034337Z-firemarshal-qemu-br-crun-ltp-0/nacc-ltp-crun-results.tsv	32	line_no_and_name	alarm07 alarm07
36	bind01	PASS	initial_full_campaign	results/20260822T034337Z-firemarshal-qemu-br-crun-ltp-0/nacc-ltp-crun-results.tsv	36	line_no_and_name	bind01 bind01
37	bind02	PASS	initial_full_campaign	results/20260822T034337Z-firemarshal-qemu-br-crun-ltp-0/nacc-ltp-crun-results.tsv	37	line_no_and_name	bind02 bind02
38	bind03	PASS	initial_full_campaign	results/20260822T034337Z-firemarshal-qemu-br-crun-ltp-0/nacc-ltp-crun-results.tsv	38	line_no_and_name	bind03 bind03
39	bind04	PASS	initial_full_campaign	results/20260822T034337Z-firemarshal-qemu-br-crun-ltp-0/nacc-ltp-crun-results.tsv	39	line_no_and_name	bind04 bind04
40	bind05	PASS	initial_full_campaign	results/20260822T034337Z-firemarshal-qemu-br-crun-ltp-0/nacc-ltp-crun-results.tsv	40	line_no_and_name	bind05 bind05
41	bind06	PASS	initial_full_campaign	results/20260822T034337Z-firemarshal-qemu-br-crun-ltp-0/nacc-ltp-crun-results.tsv	41	line_no_and_name	bind06 bind06
43	bpf_map01	PASS	initial_full_campaign	results/20260822T034337Z-firemarshal-qemu-br-crun-ltp-0/nacc-ltp-crun-results.tsv	43	line_no_and_name	bpf_map01 bpf_map01
44	bpf_prog01	PASS	initial_full_campaign	results/20260822T034337Z-firemarshal-qemu-br-crun-ltp-0/nacc-ltp-crun-results.tsv	44	line_no_and_name	bpf_prog01 bpf_prog01
45	bpf_prog02	PASS	initial_full_campaign	results/20260822T034337Z-firemarshal-qemu-br-crun-ltp-0/nacc-ltp-crun-results.tsv	45	line_no_and_name	bpf_prog02 bpf_prog02
46	bpf_prog03	PASS	initial_full_campaign	results/20260822T034337Z-firemarshal-qemu-br-crun-ltp-0/nacc-ltp-crun-results.tsv	46	line_no_and_name	bpf_prog03 bpf_prog03
47	bpf_prog04	PASS	initial_full_campaign	results/20260822T034337Z-firemarshal-qemu-br-crun-ltp-0/nacc-ltp-crun-results.tsv	47	line_no_and_name	bpf_prog04 bpf_prog04
48	bpf_prog05	PASS	initial_full_campaign	results/20260822T034337Z-firemarshal-qemu-br-crun-ltp-0/nacc-ltp-crun-results.tsv	48	line_no_and_name	bpf_prog05 bpf_prog05
49	bpf_prog06	PASS	initial_full_campaign	results/20260822T034337Z-firemarshal-qemu-br-crun-ltp-0/nacc-ltp-crun-results.tsv	49	line_no_and_name	bpf_prog06 bpf_prog06
50	bpf_prog07	PASS	initial_full_campaign	results/20260822T034337Z-firemarshal-qemu-br-crun-ltp-0/nacc-ltp-crun-results.tsv	50	line_no_and_name	bpf_prog07 bpf_prog07
52	brk01	PASS	initial_full_campaign	results/20260822T034337Z-firemarshal-qemu-br-crun-ltp-0/nacc-ltp-crun-results.tsv	52	line_no_and_name	brk01 brk01
53	brk02	PASS	initial_full_campaign	results/20260822T034337Z-firemarshal-qemu-br-crun-ltp-0/nacc-ltp-crun-results.tsv	53	line_no_and_name	brk02 brk02
55	capget01	PASS	initial_full_campaign	results/20260822T034337Z-firemarshal-qemu-br-crun-ltp-0/nacc-ltp-crun-results.tsv	55	line_no_and_name	capget01 capget01
56	capget02	PASS	initial_full_campaign	results/20260822T034337Z-firemarshal-qemu-br-crun-ltp-0/nacc-ltp-crun-results.tsv	56	line_no_and_name	capget02 capget02
58	capset01	PASS	initial_full_campaign	results/20260822T034337Z-firemarshal-qemu-br-crun-ltp-0/nacc-ltp-crun-results.tsv	58	line_no_and_name	capset01 capset01
59	capset02	PASS	initial_full_campaign	results/20260822T034337Z-firemarshal-qemu-br-crun-ltp-0/nacc-ltp-crun-results.tsv	59	line_no_and_name	capset02 capset02
60	capset03	PASS	initial_full_campaign	results/20260822T034337Z-firemarshal-qemu-br-crun-ltp-0/nacc-ltp-crun-results.tsv	60	line_no_and_name	capset03 capset03
61	capset04	PASS	initial_full_campaign	results/20260822T034337Z-firemarshal-qemu-br-crun-ltp-0/nacc-ltp-crun-results.tsv	61	line_no_and_name	capset04 capset04
65	cachestat01	PASS	initial_full_campaign	results/20260822T034337Z-firemarshal-qemu-br-crun-ltp-0/nacc-ltp-crun-results.tsv	65	line_no_and_name	cachestat01 cachestat01
66	cachestat02	PASS	initial_full_campaign	results/20260822T034337Z-firemarshal-qemu-br-crun-ltp-0/nacc-ltp-crun-results.tsv	66	line_no_and_name	cachestat02 cachestat02
67	cachestat03	PASS	initial_full_campaign	results/20260822T034337Z-firemarshal-qemu-br-crun-ltp-0/nacc-ltp-crun-results.tsv	67	line_no_and_name	cachestat03 cachestat03
68	cachestat04	PASS	initial_full_campaign	results/20260822T034337Z-firemarshal-qemu-br-crun-ltp-0/nacc-ltp-crun-results.tsv	68	line_no_and_name	cachestat04 cachestat04
70	chdir01	PASS	initial_full_campaign	results/20260822T034337Z-firemarshal-qemu-br-crun-ltp-0/nacc-ltp-crun-results.tsv	70	line_no_and_name	chdir01 chdir01
71	chdir02	PASS	initial_full_campaign	results/20260822T034337Z-firemarshal-qemu-br-crun-ltp-0/nacc-ltp-crun-results.tsv	71	line_no_and_name	chdir02 chdir02
72	chdir04	PASS	initial_full_campaign	results/20260822T034337Z-firemarshal-qemu-br-crun-ltp-0/nacc-ltp-crun-results.tsv	72	line_no_and_name	chdir04 chdir04
74	chmod01	PASS	initial_full_campaign	results/20260822T034337Z-firemarshal-qemu-br-crun-ltp-0/nacc-ltp-crun-results.tsv	74	line_no_and_name	chmod01 chmod01
75	chmod03	PASS	initial_full_campaign	results/20260822T034337Z-firemarshal-qemu-br-crun-ltp-0/nacc-ltp-crun-results.tsv	75	line_no_and_name	chmod03 chmod03
76	chmod05	PASS	initial_full_campaign	results/20260822T034337Z-firemarshal-qemu-br-crun-ltp-0/nacc-ltp-crun-results.tsv	76	line_no_and_name	chmod05 chmod05
77	chmod06	PASS	initial_full_campaign	results/20260822T034337Z-firemarshal-qemu-br-crun-ltp-0/nacc-ltp-crun-results.tsv	77	line_no_and_name	chmod06 chmod06
78	chmod07	PASS	initial_full_campaign	results/20260822T034337Z-firemarshal-qemu-br-crun-ltp-0/nacc-ltp-crun-results.tsv	78	line_no_and_name	chmod07 chmod07
79	chmod08	PASS	initial_full_campaign	results/20260822T034337Z-firemarshal-qemu-br-crun-ltp-0/nacc-ltp-crun-results.tsv	79	line_no_and_name	chmod08 chmod08
80	chmod09	PASS	initial_full_campaign	results/20260822T034337Z-firemarshal-qemu-br-crun-ltp-0/nacc-ltp-crun-results.tsv	80	line_no_and_name	chmod09 chmod09
82	chown01	PASS	initial_full_campaign	results/20260822T034337Z-firemarshal-qemu-br-crun-ltp-0/nacc-ltp-crun-results.tsv	82	line_no_and_name	chown01 chown01
84	chown02	PASS	initial_full_campaign	results/20260822T034337Z-firemarshal-qemu-br-crun-ltp-0/nacc-ltp-crun-results.tsv	84	line_no_and_name	chown02 chown02
86	chown03	PASS	initial_full_campaign	results/20260822T034337Z-firemarshal-qemu-br-crun-ltp-0/nacc-ltp-crun-results.tsv	86	line_no_and_name	chown03 chown03
88	chown04	PASS	initial_full_campaign	results/20260822T034337Z-firemarshal-qemu-br-crun-ltp-0/nacc-ltp-crun-results.tsv	88	line_no_and_name	chown04 chown04
90	chown05	PASS	initial_full_campaign	results/20260822T034337Z-firemarshal-qemu-br-crun-ltp-0/nacc-ltp-crun-results.tsv	90	line_no_and_name	chown05 chown05
93	chroot01	PASS	initial_full_campaign	results/20260822T034337Z-firemarshal-qemu-br-crun-ltp-0/nacc-ltp-crun-results.tsv	93	line_no_and_name	chroot01 chroot01
94	chroot02	PASS	initial_full_campaign	results/20260822T034337Z-firemarshal-qemu-br-crun-ltp-0/nacc-ltp-crun-results.tsv	94	line_no_and_name	chroot02 chroot02
95	chroot03	PASS	initial_full_campaign	results/20260822T034337Z-firemarshal-qemu-br-crun-ltp-0/nacc-ltp-crun-results.tsv	95	line_no_and_name	chroot03 chroot03
96	chroot04	PASS	initial_full_campaign	results/20260822T034337Z-firemarshal-qemu-br-crun-ltp-0/nacc-ltp-crun-results.tsv	96	line_no_and_name	chroot04 chroot04
98	clock_adjtime01	PASS	initial_full_campaign	results/20260822T034337Z-firemarshal-qemu-br-crun-ltp-0/nacc-ltp-crun-results.tsv	98	line_no_and_name	clock_adjtime01 clock_adjtime01
99	clock_adjtime02	PASS	initial_full_campaign	results/20260822T034337Z-firemarshal-qemu-br-crun-ltp-0/nacc-ltp-crun-results.tsv	99	line_no_and_name	clock_adjtime02 clock_adjtime02
101	clock_getres01	PASS	initial_full_campaign	results/20260822T034337Z-firemarshal-qemu-br-crun-ltp-0/nacc-ltp-crun-results.tsv	101	line_no_and_name	clock_getres01 clock_getres01
102	clock_nanosleep01	PASS	initial_full_campaign	results/20260822T034337Z-firemarshal-qemu-br-crun-ltp-0/nacc-ltp-crun-results.tsv	102	line_no_and_name	clock_nanosleep01 clock_nanosleep01
103	clock_nanosleep02	PASS	initial_full_campaign	results/20260822T034337Z-firemarshal-qemu-br-crun-ltp-0/nacc-ltp-crun-results.tsv	103	line_no_and_name	clock_nanosleep02 clock_nanosleep02
104	clock_nanosleep03	PASS	initial_full_campaign	results/20260822T034337Z-firemarshal-qemu-br-crun-ltp-0/nacc-ltp-crun-results.tsv	104	line_no_and_name	clock_nanosleep03 clock_nanosleep03
105	clock_nanosleep04	PASS	initial_full_campaign	results/20260822T034337Z-firemarshal-qemu-br-crun-ltp-0/nacc-ltp-crun-results.tsv	105	line_no_and_name	clock_nanosleep04 clock_nanosleep04
107	clock_gettime01	PASS	initial_full_campaign	results/20260822T034337Z-firemarshal-qemu-br-crun-ltp-0/nacc-ltp-crun-results.tsv	107	line_no_and_name	clock_gettime01 clock_gettime01
108	clock_gettime02	PASS	initial_full_campaign	results/20260822T034337Z-firemarshal-qemu-br-crun-ltp-0/nacc-ltp-crun-results.tsv	108	line_no_and_name	clock_gettime02 clock_gettime02
109	clock_gettime03	PASS	initial_full_campaign	results/20260822T034337Z-firemarshal-qemu-br-crun-ltp-0/nacc-ltp-crun-results.tsv	109	line_no_and_name	clock_gettime03 clock_gettime03
110	clock_gettime04	PASS	initial_full_campaign	results/20260822T034337Z-firemarshal-qemu-br-crun-ltp-0/nacc-ltp-crun-results.tsv	110	line_no_and_name	clock_gettime04 clock_gettime04
111	leapsec01	PASS	initial_full_campaign	results/20260822T034337Z-firemarshal-qemu-br-crun-ltp-0/nacc-ltp-crun-results.tsv	111	line_no_and_name	leapsec01 leapsec01
113	clock_settime01	PASS	initial_full_campaign	results/20260822T034337Z-firemarshal-qemu-br-crun-ltp-0/nacc-ltp-crun-results.tsv	113	line_no_and_name	clock_settime01 clock_settime01
114	clock_settime02	PASS	initial_full_campaign	results/20260822T034337Z-firemarshal-qemu-br-crun-ltp-0/nacc-ltp-crun-results.tsv	114	line_no_and_name	clock_settime02 clock_settime02
115	clock_settime03	PASS	initial_full_campaign	results/20260822T034337Z-firemarshal-qemu-br-crun-ltp-0/nacc-ltp-crun-results.tsv	115	line_no_and_name	clock_settime03 clock_settime03
116	clock_settime04	PASS	initial_full_campaign	results/20260822T034337Z-firemarshal-qemu-br-crun-ltp-0/nacc-ltp-crun-results.tsv	116	line_no_and_name	clock_settime04 clock_settime04
118	clone01	PASS	initial_full_campaign	results/20260822T034337Z-firemarshal-qemu-br-crun-ltp-0/nacc-ltp-crun-results.tsv	118	line_no_and_name	clone01 clone01
119	clone02	PASS	initial_full_campaign	results/20260822T034337Z-firemarshal-qemu-br-crun-ltp-0/nacc-ltp-crun-results.tsv	119	line_no_and_name	clone02 clone02
120	clone03	PASS	initial_full_campaign	results/20260822T034337Z-firemarshal-qemu-br-crun-ltp-0/nacc-ltp-crun-results.tsv	120	line_no_and_name	clone03 clone03
121	clone04	PASS	initial_full_campaign	results/20260822T034337Z-firemarshal-qemu-br-crun-ltp-0/nacc-ltp-crun-results.tsv	121	line_no_and_name	clone04 clone04
122	clone05	PASS	initial_full_campaign	results/20260822T034337Z-firemarshal-qemu-br-crun-ltp-0/nacc-ltp-crun-results.tsv	122	line_no_and_name	clone05 clone05
123	clone06	PASS	initial_full_campaign	results/20260822T034337Z-firemarshal-qemu-br-crun-ltp-0/nacc-ltp-crun-results.tsv	123	line_no_and_name	clone06 clone06
124	clone07	PASS	initial_full_campaign	results/20260822T034337Z-firemarshal-qemu-br-crun-ltp-0/nacc-ltp-crun-results.tsv	124	line_no_and_name	clone07 clone07
125	clone08	PASS	initial_full_campaign	results/20260822T034337Z-firemarshal-qemu-br-crun-ltp-0/nacc-ltp-crun-results.tsv	125	line_no_and_name	clone08 clone08
126	clone09	PASS	initial_full_campaign	results/20260822T034337Z-firemarshal-qemu-br-crun-ltp-0/nacc-ltp-crun-results.tsv	126	line_no_and_name	clone09 clone09
128	clone11	PASS	initial_full_campaign	results/20260822T034337Z-firemarshal-qemu-br-crun-ltp-0/nacc-ltp-crun-results.tsv	128	line_no_and_name	clone11 clone11
130	clone301	PASS	initial_full_campaign	results/20260822T034337Z-firemarshal-qemu-br-crun-ltp-0/nacc-ltp-crun-results.tsv	130	line_no_and_name	clone301 clone301
131	clone302	PASS	initial_full_campaign	results/20260822T034337Z-firemarshal-qemu-br-crun-ltp-0/nacc-ltp-crun-results.tsv	131	line_no_and_name	clone302 clone302
132	clone303	PASS	initial_full_campaign	results/20260822T034337Z-firemarshal-qemu-br-crun-ltp-0/nacc-ltp-crun-results.tsv	132	line_no_and_name	clone303 clone303
133	clone304	PASS	initial_full_campaign	results/20260822T034337Z-firemarshal-qemu-br-crun-ltp-0/nacc-ltp-crun-results.tsv	133	line_no_and_name	clone304 clone304
135	close01	PASS	initial_full_campaign	results/20260822T034337Z-firemarshal-qemu-br-crun-ltp-0/nacc-ltp-crun-results.tsv	135	line_no_and_name	close01 close01
136	close02	PASS	initial_full_campaign	results/20260822T034337Z-firemarshal-qemu-br-crun-ltp-0/nacc-ltp-crun-results.tsv	136	line_no_and_name	close02 close02
138	close_range01	PASS	initial_full_campaign	results/20260822T034337Z-firemarshal-qemu-br-crun-ltp-0/nacc-ltp-crun-results.tsv	138	line_no_and_name	close_range01 close_range01
139	close_range02	PASS	initial_full_campaign	results/20260822T034337Z-firemarshal-qemu-br-crun-ltp-0/nacc-ltp-crun-results.tsv	139	line_no_and_name	close_range02 close_range02
141	confstr01	PASS	initial_full_campaign	results/20260822T034337Z-firemarshal-qemu-br-crun-ltp-0/nacc-ltp-crun-results.tsv	141	line_no_and_name	confstr01 confstr01
143	connect01	PASS	initial_full_campaign	results/20260822T034337Z-firemarshal-qemu-br-crun-ltp-0/nacc-ltp-crun-results.tsv	143	line_no_and_name	connect01 connect01
144	connect02	PASS	initial_full_campaign	results/20260822T034337Z-firemarshal-qemu-br-crun-ltp-0/nacc-ltp-crun-results.tsv	144	line_no_and_name	connect02 connect02
146	creat01	PASS	initial_full_campaign	results/20260822T034337Z-firemarshal-qemu-br-crun-ltp-0/nacc-ltp-crun-results.tsv	146	line_no_and_name	creat01 creat01
147	creat03	PASS	initial_full_campaign	results/20260822T034337Z-firemarshal-qemu-br-crun-ltp-0/nacc-ltp-crun-results.tsv	147	line_no_and_name	creat03 creat03
148	creat04	PASS	initial_full_campaign	results/20260822T034337Z-firemarshal-qemu-br-crun-ltp-0/nacc-ltp-crun-results.tsv	148	line_no_and_name	creat04 creat04
149	creat05	PASS	initial_full_campaign	results/20260822T034337Z-firemarshal-qemu-br-crun-ltp-0/nacc-ltp-crun-results.tsv	149	line_no_and_name	creat05 creat05
150	creat06	PASS	initial_full_campaign	results/20260822T034337Z-firemarshal-qemu-br-crun-ltp-0/nacc-ltp-crun-results.tsv	150	line_no_and_name	creat06 creat06
151	creat07	PASS	initial_full_campaign	results/20260822T034337Z-firemarshal-qemu-br-crun-ltp-0/nacc-ltp-crun-results.tsv	151	line_no_and_name	creat07 creat07
152	creat08	PASS	initial_full_campaign	results/20260822T034337Z-firemarshal-qemu-br-crun-ltp-0/nacc-ltp-crun-results.tsv	152	line_no_and_name	creat08 creat08
153	creat09	PASS	initial_full_campaign	results/20260822T034337Z-firemarshal-qemu-br-crun-ltp-0/nacc-ltp-crun-results.tsv	153	line_no_and_name	creat09 creat09
155	delete_module01	PASS	initial_full_campaign	results/20260822T034337Z-firemarshal-qemu-br-crun-ltp-0/nacc-ltp-crun-results.tsv	155	line_no_and_name	delete_module01 delete_module01
156	delete_module02	PASS	initial_full_campaign	results/20260822T034337Z-firemarshal-qemu-br-crun-ltp-0/nacc-ltp-crun-results.tsv	156	line_no_and_name	delete_module02 delete_module02
157	delete_module03	PASS	initial_full_campaign	results/20260822T034337Z-firemarshal-qemu-br-crun-ltp-0/nacc-ltp-crun-results.tsv	157	line_no_and_name	delete_module03 delete_module03
159	dup01	PASS	initial_full_campaign	results/20260822T034337Z-firemarshal-qemu-br-crun-ltp-0/nacc-ltp-crun-results.tsv	159	line_no_and_name	dup01 dup01
160	dup02	PASS	initial_full_campaign	results/20260822T034337Z-firemarshal-qemu-br-crun-ltp-0/nacc-ltp-crun-results.tsv	160	line_no_and_name	dup02 dup02
161	dup03	PASS	initial_full_campaign	results/20260822T034337Z-firemarshal-qemu-br-crun-ltp-0/nacc-ltp-crun-results.tsv	161	line_no_and_name	dup03 dup03
162	dup04	PASS	initial_full_campaign	results/20260822T034337Z-firemarshal-qemu-br-crun-ltp-0/nacc-ltp-crun-results.tsv	162	line_no_and_name	dup04 dup04
163	dup05	PASS	initial_full_campaign	results/20260822T034337Z-firemarshal-qemu-br-crun-ltp-0/nacc-ltp-crun-results.tsv	163	line_no_and_name	dup05 dup05
164	dup06	PASS	initial_full_campaign	results/20260822T034337Z-firemarshal-qemu-br-crun-ltp-0/nacc-ltp-crun-results.tsv	164	line_no_and_name	dup06 dup06
165	dup07	PASS	initial_full_campaign	results/20260822T034337Z-firemarshal-qemu-br-crun-ltp-0/nacc-ltp-crun-results.tsv	165	line_no_and_name	dup07 dup07
167	dup201	PASS	initial_full_campaign	results/20260822T034337Z-firemarshal-qemu-br-crun-ltp-0/nacc-ltp-crun-results.tsv	167	line_no_and_name	dup201 dup201
168	dup202	PASS	initial_full_campaign	results/20260822T034337Z-firemarshal-qemu-br-crun-ltp-0/nacc-ltp-crun-results.tsv	168	line_no_and_name	dup202 dup202
169	dup203	PASS	initial_full_campaign	results/20260822T034337Z-firemarshal-qemu-br-crun-ltp-0/nacc-ltp-crun-results.tsv	169	line_no_and_name	dup203 dup203
170	dup204	PASS	initial_full_campaign	results/20260822T034337Z-firemarshal-qemu-br-crun-ltp-0/nacc-ltp-crun-results.tsv	170	line_no_and_name	dup204 dup204
171	dup205	PASS	initial_full_campaign	results/20260822T034337Z-firemarshal-qemu-br-crun-ltp-0/nacc-ltp-crun-results.tsv	171	line_no_and_name	dup205 dup205
172	dup206	PASS	initial_full_campaign	results/20260822T034337Z-firemarshal-qemu-br-crun-ltp-0/nacc-ltp-crun-results.tsv	172	line_no_and_name	dup206 dup206
173	dup207	PASS	initial_full_campaign	results/20260822T034337Z-firemarshal-qemu-br-crun-ltp-0/nacc-ltp-crun-results.tsv	173	line_no_and_name	dup207 dup207
175	dup3_01	PASS	initial_full_campaign	results/20260822T034337Z-firemarshal-qemu-br-crun-ltp-0/nacc-ltp-crun-results.tsv	175	line_no_and_name	dup3_01 dup3_01
176	dup3_02	PASS	initial_full_campaign	results/20260822T034337Z-firemarshal-qemu-br-crun-ltp-0/nacc-ltp-crun-results.tsv	176	line_no_and_name	dup3_02 dup3_02
178	epoll_create01	PASS	initial_full_campaign	results/20260822T034337Z-firemarshal-qemu-br-crun-ltp-0/nacc-ltp-crun-results.tsv	178	line_no_and_name	epoll_create01 epoll_create01
179	epoll_create02	PASS	initial_full_campaign	results/20260822T034337Z-firemarshal-qemu-br-crun-ltp-0/nacc-ltp-crun-results.tsv	179	line_no_and_name	epoll_create02 epoll_create02
180	epoll_create1_01	PASS	initial_full_campaign	results/20260822T034337Z-firemarshal-qemu-br-crun-ltp-0/nacc-ltp-crun-results.tsv	180	line_no_and_name	epoll_create1_01 epoll_create1_01
181	epoll_create1_02	PASS	initial_full_campaign	results/20260822T034337Z-firemarshal-qemu-br-crun-ltp-0/nacc-ltp-crun-results.tsv	181	line_no_and_name	epoll_create1_02 epoll_create1_02
182	epoll01	PASS	initial_full_campaign	results/20260822T034337Z-firemarshal-qemu-br-crun-ltp-0/nacc-ltp-crun-results.tsv	182	line_no_and_name	epoll01 epoll-ltp
183	epoll_ctl01	PASS	initial_full_campaign	results/20260822T034337Z-firemarshal-qemu-br-crun-ltp-0/nacc-ltp-crun-results.tsv	183	line_no_and_name	epoll_ctl01 epoll_ctl01
184	epoll_ctl02	PASS	initial_full_campaign	results/20260822T034337Z-firemarshal-qemu-br-crun-ltp-0/nacc-ltp-crun-results.tsv	184	line_no_and_name	epoll_ctl02 epoll_ctl02
185	epoll_ctl03	PASS	initial_full_campaign	results/20260822T034337Z-firemarshal-qemu-br-crun-ltp-0/nacc-ltp-crun-results.tsv	185	line_no_and_name	epoll_ctl03 epoll_ctl03
186	epoll_ctl04	PASS	initial_full_campaign	results/20260822T034337Z-firemarshal-qemu-br-crun-ltp-0/nacc-ltp-crun-results.tsv	186	line_no_and_name	epoll_ctl04 epoll_ctl04
187	epoll_ctl05	PASS	initial_full_campaign	results/20260822T034337Z-firemarshal-qemu-br-crun-ltp-0/nacc-ltp-crun-results.tsv	187	line_no_and_name	epoll_ctl05 epoll_ctl05
188	epoll_wait01	PASS	initial_full_campaign	results/20260822T034337Z-firemarshal-qemu-br-crun-ltp-0/nacc-ltp-crun-results.tsv	188	line_no_and_name	epoll_wait01 epoll_wait01
189	epoll_wait02	PASS	initial_full_campaign	results/20260822T034337Z-firemarshal-qemu-br-crun-ltp-0/nacc-ltp-crun-results.tsv	189	line_no_and_name	epoll_wait02 epoll_wait02
190	epoll_wait03	PASS	initial_full_campaign	results/20260822T034337Z-firemarshal-qemu-br-crun-ltp-0/nacc-ltp-crun-results.tsv	190	line_no_and_name	epoll_wait03 epoll_wait03
191	epoll_wait04	PASS	initial_full_campaign	results/20260822T034337Z-firemarshal-qemu-br-crun-ltp-0/nacc-ltp-crun-results.tsv	191	line_no_and_name	epoll_wait04 epoll_wait04
192	epoll_wait05	PASS	initial_full_campaign	results/20260822T034337Z-firemarshal-qemu-br-crun-ltp-0/nacc-ltp-crun-results.tsv	192	line_no_and_name	epoll_wait05 epoll_wait05
193	epoll_wait06	PASS	initial_full_campaign	results/20260822T034337Z-firemarshal-qemu-br-crun-ltp-0/nacc-ltp-crun-results.tsv	193	line_no_and_name	epoll_wait06 epoll_wait06
194	epoll_wait07	PASS	initial_full_campaign	results/20260822T034337Z-firemarshal-qemu-br-crun-ltp-0/nacc-ltp-crun-results.tsv	194	line_no_and_name	epoll_wait07 epoll_wait07
195	epoll_pwait01	PASS	initial_full_campaign	results/20260822T034337Z-firemarshal-qemu-br-crun-ltp-0/nacc-ltp-crun-results.tsv	195	line_no_and_name	epoll_pwait01 epoll_pwait01
196	epoll_pwait02	PASS	initial_full_campaign	results/20260822T034337Z-firemarshal-qemu-br-crun-ltp-0/nacc-ltp-crun-results.tsv	196	line_no_and_name	epoll_pwait02 epoll_pwait02
197	epoll_pwait03	PASS	environment_recovery	results/20260823T153839Z-firemarshal-qemu-br-crun-ltp-0/nacc-ltp-crun-pass-entries.tsv	197	line_no_and_name	epoll_pwait03 epoll_pwait03
198	epoll_pwait04	PASS	initial_full_campaign	results/20260822T034337Z-firemarshal-qemu-br-crun-ltp-0/nacc-ltp-crun-results.tsv	198	line_no_and_name	epoll_pwait04 epoll_pwait04
199	epoll_pwait05	PASS	initial_full_campaign	results/20260822T034337Z-firemarshal-qemu-br-crun-ltp-0/nacc-ltp-crun-results.tsv	199	line_no_and_name	epoll_pwait05 epoll_pwait05
200	epoll_pwait06	PASS	initial_full_campaign	results/20260822T034337Z-firemarshal-qemu-br-crun-ltp-0/nacc-ltp-crun-results.tsv	200	line_no_and_name	epoll_pwait06 epoll_pwait06
202	eventfd01	PASS	initial_full_campaign	results/20260822T034337Z-firemarshal-qemu-br-crun-ltp-0/nacc-ltp-crun-results.tsv	202	line_no_and_name	eventfd01 eventfd01
203	eventfd02	PASS	initial_full_campaign	results/20260822T034337Z-firemarshal-qemu-br-crun-ltp-0/nacc-ltp-crun-results.tsv	203	line_no_and_name	eventfd02 eventfd02
204	eventfd03	PASS	initial_full_campaign	results/20260822T034337Z-firemarshal-qemu-br-crun-ltp-0/nacc-ltp-crun-results.tsv	204	line_no_and_name	eventfd03 eventfd03
205	eventfd04	PASS	initial_full_campaign	results/20260822T034337Z-firemarshal-qemu-br-crun-ltp-0/nacc-ltp-crun-results.tsv	205	line_no_and_name	eventfd04 eventfd04
206	eventfd05	PASS	initial_full_campaign	results/20260822T034337Z-firemarshal-qemu-br-crun-ltp-0/nacc-ltp-crun-results.tsv	206	line_no_and_name	eventfd05 eventfd05
207	eventfd06	PASS	initial_full_campaign	results/20260822T034337Z-firemarshal-qemu-br-crun-ltp-0/nacc-ltp-crun-results.tsv	207	line_no_and_name	eventfd06 eventfd06
209	eventfd2_01	PASS	initial_full_campaign	results/20260822T034337Z-firemarshal-qemu-br-crun-ltp-0/nacc-ltp-crun-results.tsv	209	line_no_and_name	eventfd2_01 eventfd2_01
210	eventfd2_02	PASS	initial_full_campaign	results/20260822T034337Z-firemarshal-qemu-br-crun-ltp-0/nacc-ltp-crun-results.tsv	210	line_no_and_name	eventfd2_02 eventfd2_02
211	eventfd2_03	PASS	initial_full_campaign	results/20260822T034337Z-firemarshal-qemu-br-crun-ltp-0/nacc-ltp-crun-results.tsv	211	line_no_and_name	eventfd2_03 eventfd2_03
213	execl01	PASS	initial_full_campaign	results/20260822T034337Z-firemarshal-qemu-br-crun-ltp-0/nacc-ltp-crun-results.tsv	213	line_no_and_name	execl01 execl01
214	execle01	PASS	initial_full_campaign	results/20260822T034337Z-firemarshal-qemu-br-crun-ltp-0/nacc-ltp-crun-results.tsv	214	line_no_and_name	execle01 execle01
215	execlp01	PASS	initial_full_campaign	results/20260822T034337Z-firemarshal-qemu-br-crun-ltp-0/nacc-ltp-crun-results.tsv	215	line_no_and_name	execlp01 execlp01
217	execv01	PASS	initial_full_campaign	results/20260822T034337Z-firemarshal-qemu-br-crun-ltp-0/nacc-ltp-crun-results.tsv	217	line_no_and_name	execv01 execv01
218	execve01	PASS	initial_full_campaign	results/20260822T034337Z-firemarshal-qemu-br-crun-ltp-0/nacc-ltp-crun-results.tsv	218	line_no_and_name	execve01 execve01
219	execve02	PASS	initial_full_campaign	results/20260822T034337Z-firemarshal-qemu-br-crun-ltp-0/nacc-ltp-crun-results.tsv	219	line_no_and_name	execve02 execve02
220	execve03	PASS	initial_full_campaign	results/20260822T034337Z-firemarshal-qemu-br-crun-ltp-0/nacc-ltp-crun-results.tsv	220	line_no_and_name	execve03 execve03
221	execve04	PASS	initial_full_campaign	results/20260822T034337Z-firemarshal-qemu-br-crun-ltp-0/nacc-ltp-crun-results.tsv	221	line_no_and_name	execve04 execve04
222	execve05	PASS	initial_full_campaign	results/20260822T034337Z-firemarshal-qemu-br-crun-ltp-0/nacc-ltp-crun-results.tsv	222	line_no_and_name	execve05 execve05 -i 5 -n 32
223	execve06	PASS	initial_full_campaign	results/20260822T034337Z-firemarshal-qemu-br-crun-ltp-0/nacc-ltp-crun-results.tsv	223	line_no_and_name	execve06 execve06
224	execvp01	PASS	initial_full_campaign	results/20260822T034337Z-firemarshal-qemu-br-crun-ltp-0/nacc-ltp-crun-results.tsv	224	line_no_and_name	execvp01 execvp01
225	execveat01	PASS	initial_full_campaign	results/20260822T034337Z-firemarshal-qemu-br-crun-ltp-0/nacc-ltp-crun-results.tsv	225	line_no_and_name	execveat01 execveat01
226	execveat02	PASS	initial_full_campaign	results/20260822T034337Z-firemarshal-qemu-br-crun-ltp-0/nacc-ltp-crun-results.tsv	226	line_no_and_name	execveat02 execveat02
227	execveat03	PASS	initial_full_campaign	results/20260822T034337Z-firemarshal-qemu-br-crun-ltp-0/nacc-ltp-crun-results.tsv	227	line_no_and_name	execveat03 execveat03
229	exit01	PASS	initial_full_campaign	results/20260822T034337Z-firemarshal-qemu-br-crun-ltp-0/nacc-ltp-crun-results.tsv	229	line_no_and_name	exit01 exit01
230	exit02	PASS	initial_full_campaign	results/20260822T034337Z-firemarshal-qemu-br-crun-ltp-0/nacc-ltp-crun-results.tsv	230	line_no_and_name	exit02 exit02
232	exit_group01	PASS	initial_full_campaign	results/20260822T034337Z-firemarshal-qemu-br-crun-ltp-0/nacc-ltp-crun-results.tsv	232	line_no_and_name	exit_group01 exit_group01
235	faccessat01	PASS	initial_full_campaign	results/20260822T034337Z-firemarshal-qemu-br-crun-ltp-0/nacc-ltp-crun-results.tsv	235	line_no_and_name	faccessat01 faccessat01
236	faccessat02	PASS	initial_full_campaign	results/20260822T034337Z-firemarshal-qemu-br-crun-ltp-0/nacc-ltp-crun-results.tsv	236	line_no_and_name	faccessat02 faccessat02
239	faccessat201	PASS	initial_full_campaign	results/20260822T034337Z-firemarshal-qemu-br-crun-ltp-0/nacc-ltp-crun-results.tsv	239	line_no_and_name	faccessat201 faccessat201
240	faccessat202	PASS	initial_full_campaign	results/20260822T034337Z-firemarshal-qemu-br-crun-ltp-0/nacc-ltp-crun-results.tsv	240	line_no_and_name	faccessat202 faccessat202
243	fallocate01	PASS	initial_full_campaign	results/20260822T034337Z-firemarshal-qemu-br-crun-ltp-0/nacc-ltp-crun-results.tsv	243	line_no_and_name	fallocate01 fallocate01
244	fallocate02	PASS	initial_full_campaign	results/20260822T034337Z-firemarshal-qemu-br-crun-ltp-0/nacc-ltp-crun-results.tsv	244	line_no_and_name	fallocate02 fallocate02
245	fallocate03	PASS	initial_full_campaign	results/20260822T034337Z-firemarshal-qemu-br-crun-ltp-0/nacc-ltp-crun-results.tsv	245	line_no_and_name	fallocate03 fallocate03
246	fallocate04	PASS	initial_full_campaign	results/20260822T034337Z-firemarshal-qemu-br-crun-ltp-0/nacc-ltp-crun-results.tsv	246	line_no_and_name	fallocate04 fallocate04
247	fallocate05	PASS	initial_full_campaign	results/20260822T034337Z-firemarshal-qemu-br-crun-ltp-0/nacc-ltp-crun-results.tsv	247	line_no_and_name	fallocate05 fallocate05
248	fallocate06	PASS	initial_full_campaign	results/20260822T034337Z-firemarshal-qemu-br-crun-ltp-0/nacc-ltp-crun-results.tsv	248	line_no_and_name	fallocate06 fallocate06
250	fsetxattr01	PASS	initial_full_campaign	results/20260822T034337Z-firemarshal-qemu-br-crun-ltp-0/nacc-ltp-crun-results.tsv	250	line_no_and_name	fsetxattr01 fsetxattr01
251	fsetxattr02	PASS	initial_full_campaign	results/20260822T034337Z-firemarshal-qemu-br-crun-ltp-0/nacc-ltp-crun-results.tsv	251	line_no_and_name	fsetxattr02 fsetxattr02
260	posix_fadvise01	PASS	initial_full_campaign	results/20260822T034337Z-firemarshal-qemu-br-crun-ltp-0/nacc-ltp-crun-results.tsv	260	line_no_and_name	posix_fadvise01                      posix_fadvise01
261	posix_fadvise01_64	PASS	initial_full_campaign	results/20260822T034337Z-firemarshal-qemu-br-crun-ltp-0/nacc-ltp-crun-results.tsv	261	line_no_and_name	posix_fadvise01_64                posix_fadvise01_64
262	posix_fadvise02	PASS	initial_full_campaign	results/20260822T034337Z-firemarshal-qemu-br-crun-ltp-0/nacc-ltp-crun-results.tsv	262	line_no_and_name	posix_fadvise02                      posix_fadvise02
263	posix_fadvise02_64	PASS	initial_full_campaign	results/20260822T034337Z-firemarshal-qemu-br-crun-ltp-0/nacc-ltp-crun-results.tsv	263	line_no_and_name	posix_fadvise02_64                posix_fadvise02_64
264	posix_fadvise03	PASS	initial_full_campaign	results/20260822T034337Z-firemarshal-qemu-br-crun-ltp-0/nacc-ltp-crun-results.tsv	264	line_no_and_name	posix_fadvise03                      posix_fadvise03
265	posix_fadvise03_64	PASS	initial_full_campaign	results/20260822T034337Z-firemarshal-qemu-br-crun-ltp-0/nacc-ltp-crun-results.tsv	265	line_no_and_name	posix_fadvise03_64                posix_fadvise03_64
266	posix_fadvise04	PASS	initial_full_campaign	results/20260822T034337Z-firemarshal-qemu-br-crun-ltp-0/nacc-ltp-crun-results.tsv	266	line_no_and_name	posix_fadvise04                      posix_fadvise04
267	posix_fadvise04_64	PASS	initial_full_campaign	results/20260822T034337Z-firemarshal-qemu-br-crun-ltp-0/nacc-ltp-crun-results.tsv	267	line_no_and_name	posix_fadvise04_64                posix_fadvise04_64
269	fchdir01	PASS	initial_full_campaign	results/20260822T034337Z-firemarshal-qemu-br-crun-ltp-0/nacc-ltp-crun-results.tsv	269	line_no_and_name	fchdir01 fchdir01
270	fchdir02	PASS	initial_full_campaign	results/20260822T034337Z-firemarshal-qemu-br-crun-ltp-0/nacc-ltp-crun-results.tsv	270	line_no_and_name	fchdir02 fchdir02
271	fchdir03	PASS	initial_full_campaign	results/20260822T034337Z-firemarshal-qemu-br-crun-ltp-0/nacc-ltp-crun-results.tsv	271	line_no_and_name	fchdir03 fchdir03
273	fchmod01	PASS	initial_full_campaign	results/20260822T034337Z-firemarshal-qemu-br-crun-ltp-0/nacc-ltp-crun-results.tsv	273	line_no_and_name	fchmod01 fchmod01
274	fchmod02	PASS	initial_full_campaign	results/20260822T034337Z-firemarshal-qemu-br-crun-ltp-0/nacc-ltp-crun-results.tsv	274	line_no_and_name	fchmod02 fchmod02
275	fchmod03	PASS	initial_full_campaign	results/20260822T034337Z-firemarshal-qemu-br-crun-ltp-0/nacc-ltp-crun-results.tsv	275	line_no_and_name	fchmod03 fchmod03
276	fchmod04	PASS	initial_full_campaign	results/20260822T034337Z-firemarshal-qemu-br-crun-ltp-0/nacc-ltp-crun-results.tsv	276	line_no_and_name	fchmod04 fchmod04
277	fchmod05	PASS	initial_full_campaign	results/20260822T034337Z-firemarshal-qemu-br-crun-ltp-0/nacc-ltp-crun-results.tsv	277	line_no_and_name	fchmod05 fchmod05
278	fchmod06	PASS	initial_full_campaign	results/20260822T034337Z-firemarshal-qemu-br-crun-ltp-0/nacc-ltp-crun-results.tsv	278	line_no_and_name	fchmod06 fchmod06
281	fchmodat01	PASS	initial_full_campaign	results/20260822T034337Z-firemarshal-qemu-br-crun-ltp-0/nacc-ltp-crun-results.tsv	281	line_no_and_name	fchmodat01 fchmodat01
282	fchmodat02	PASS	initial_full_campaign	results/20260822T034337Z-firemarshal-qemu-br-crun-ltp-0/nacc-ltp-crun-results.tsv	282	line_no_and_name	fchmodat02 fchmodat02
284	fchmodat2_01	PASS	initial_full_campaign	results/20260822T034337Z-firemarshal-qemu-br-crun-ltp-0/nacc-ltp-crun-results.tsv	284	line_no_and_name	fchmodat2_01 fchmodat2_01
285	fchmodat2_02	PASS	initial_full_campaign	results/20260822T034337Z-firemarshal-qemu-br-crun-ltp-0/nacc-ltp-crun-results.tsv	285	line_no_and_name	fchmodat2_02 fchmodat2_02
287	fchown01	PASS	initial_full_campaign	results/20260822T034337Z-firemarshal-qemu-br-crun-ltp-0/nacc-ltp-crun-results.tsv	287	line_no_and_name	fchown01 fchown01
289	fchown02	PASS	initial_full_campaign	results/20260822T034337Z-firemarshal-qemu-br-crun-ltp-0/nacc-ltp-crun-results.tsv	289	line_no_and_name	fchown02 fchown02
291	fchown03	PASS	initial_full_campaign	results/20260822T034337Z-firemarshal-qemu-br-crun-ltp-0/nacc-ltp-crun-results.tsv	291	line_no_and_name	fchown03 fchown03
293	fchown04	PASS	initial_full_campaign	results/20260822T034337Z-firemarshal-qemu-br-crun-ltp-0/nacc-ltp-crun-results.tsv	293	line_no_and_name	fchown04 fchown04
295	fchown05	PASS	initial_full_campaign	results/20260822T034337Z-firemarshal-qemu-br-crun-ltp-0/nacc-ltp-crun-results.tsv	295	line_no_and_name	fchown05 fchown05
299	fchownat01	PASS	initial_full_campaign	results/20260822T034337Z-firemarshal-qemu-br-crun-ltp-0/nacc-ltp-crun-results.tsv	299	line_no_and_name	fchownat01 fchownat01
300	fchownat02	PASS	initial_full_campaign	results/20260822T034337Z-firemarshal-qemu-br-crun-ltp-0/nacc-ltp-crun-results.tsv	300	line_no_and_name	fchownat02 fchownat02
301	fchownat03	PASS	initial_full_campaign	results/20260822T034337Z-firemarshal-qemu-br-crun-ltp-0/nacc-ltp-crun-results.tsv	301	line_no_and_name	fchownat03 fchownat03
303	fcntl01	PASS	initial_full_campaign	results/20260822T034337Z-firemarshal-qemu-br-crun-ltp-0/nacc-ltp-crun-results.tsv	303	line_no_and_name	fcntl01 fcntl01
304	fcntl01_64	PASS	initial_full_campaign	results/20260822T034337Z-firemarshal-qemu-br-crun-ltp-0/nacc-ltp-crun-results.tsv	304	line_no_and_name	fcntl01_64 fcntl01_64
305	fcntl02	PASS	initial_full_campaign	results/20260822T034337Z-firemarshal-qemu-br-crun-ltp-0/nacc-ltp-crun-results.tsv	305	line_no_and_name	fcntl02 fcntl02
306	fcntl02_64	PASS	initial_full_campaign	results/20260822T034337Z-firemarshal-qemu-br-crun-ltp-0/nacc-ltp-crun-results.tsv	306	line_no_and_name	fcntl02_64 fcntl02_64
307	fcntl03	PASS	initial_full_campaign	results/20260822T034337Z-firemarshal-qemu-br-crun-ltp-0/nacc-ltp-crun-results.tsv	307	line_no_and_name	fcntl03 fcntl03
308	fcntl03_64	PASS	initial_full_campaign	results/20260822T034337Z-firemarshal-qemu-br-crun-ltp-0/nacc-ltp-crun-results.tsv	308	line_no_and_name	fcntl03_64 fcntl03_64
309	fcntl04	PASS	initial_full_campaign	results/20260822T034337Z-firemarshal-qemu-br-crun-ltp-0/nacc-ltp-crun-results.tsv	309	line_no_and_name	fcntl04 fcntl04
310	fcntl04_64	PASS	initial_full_campaign	results/20260822T034337Z-firemarshal-qemu-br-crun-ltp-0/nacc-ltp-crun-results.tsv	310	line_no_and_name	fcntl04_64 fcntl04_64
311	fcntl05	PASS	initial_full_campaign	results/20260822T034337Z-firemarshal-qemu-br-crun-ltp-0/nacc-ltp-crun-results.tsv	311	line_no_and_name	fcntl05 fcntl05
312	fcntl05_64	PASS	initial_full_campaign	results/20260822T034337Z-firemarshal-qemu-br-crun-ltp-0/nacc-ltp-crun-results.tsv	312	line_no_and_name	fcntl05_64 fcntl05_64
313	fcntl07	PASS	initial_full_campaign	results/20260822T034337Z-firemarshal-qemu-br-crun-ltp-0/nacc-ltp-crun-results.tsv	313	line_no_and_name	fcntl07 fcntl07
314	fcntl07_64	PASS	initial_full_campaign	results/20260822T034337Z-firemarshal-qemu-br-crun-ltp-0/nacc-ltp-crun-results.tsv	314	line_no_and_name	fcntl07_64 fcntl07_64
315	fcntl08	PASS	initial_full_campaign	results/20260822T034337Z-firemarshal-qemu-br-crun-ltp-0/nacc-ltp-crun-results.tsv	315	line_no_and_name	fcntl08 fcntl08
316	fcntl08_64	PASS	initial_full_campaign	results/20260822T034337Z-firemarshal-qemu-br-crun-ltp-0/nacc-ltp-crun-results.tsv	316	line_no_and_name	fcntl08_64 fcntl08_64
317	fcntl09	PASS	initial_full_campaign	results/20260822T034337Z-firemarshal-qemu-br-crun-ltp-0/nacc-ltp-crun-results.tsv	317	line_no_and_name	fcntl09 fcntl09
318	fcntl09_64	PASS	initial_full_campaign	results/20260822T034337Z-firemarshal-qemu-br-crun-ltp-0/nacc-ltp-crun-results.tsv	318	line_no_and_name	fcntl09_64 fcntl09_64
319	fcntl10	PASS	initial_full_campaign	results/20260822T034337Z-firemarshal-qemu-br-crun-ltp-0/nacc-ltp-crun-results.tsv	319	line_no_and_name	fcntl10 fcntl10
320	fcntl10_64	PASS	initial_full_campaign	results/20260822T034337Z-firemarshal-qemu-br-crun-ltp-0/nacc-ltp-crun-results.tsv	320	line_no_and_name	fcntl10_64 fcntl10_64
321	fcntl11	PASS	initial_full_campaign	results/20260822T034337Z-firemarshal-qemu-br-crun-ltp-0/nacc-ltp-crun-results.tsv	321	line_no_and_name	fcntl11 fcntl11
322	fcntl11_64	PASS	initial_full_campaign	results/20260822T034337Z-firemarshal-qemu-br-crun-ltp-0/nacc-ltp-crun-results.tsv	322	line_no_and_name	fcntl11_64 fcntl11_64
323	fcntl12	PASS	initial_full_campaign	results/20260822T034337Z-firemarshal-qemu-br-crun-ltp-0/nacc-ltp-crun-results.tsv	323	line_no_and_name	fcntl12 fcntl12
324	fcntl12_64	PASS	initial_full_campaign	results/20260822T034337Z-firemarshal-qemu-br-crun-ltp-0/nacc-ltp-crun-results.tsv	324	line_no_and_name	fcntl12_64 fcntl12_64
325	fcntl13	PASS	initial_full_campaign	results/20260822T034337Z-firemarshal-qemu-br-crun-ltp-0/nacc-ltp-crun-results.tsv	325	line_no_and_name	fcntl13 fcntl13
326	fcntl13_64	PASS	initial_full_campaign	results/20260822T034337Z-firemarshal-qemu-br-crun-ltp-0/nacc-ltp-crun-results.tsv	326	line_no_and_name	fcntl13_64 fcntl13_64
327	fcntl14	PASS	initial_full_campaign	results/20260822T034337Z-firemarshal-qemu-br-crun-ltp-0/nacc-ltp-crun-results.tsv	327	line_no_and_name	fcntl14 fcntl14
328	fcntl14_64	PASS	initial_full_campaign	results/20260822T034337Z-firemarshal-qemu-br-crun-ltp-0/nacc-ltp-crun-results.tsv	328	line_no_and_name	fcntl14_64 fcntl14_64
329	fcntl15	PASS	initial_full_campaign	results/20260822T034337Z-firemarshal-qemu-br-crun-ltp-0/nacc-ltp-crun-results.tsv	329	line_no_and_name	fcntl15 fcntl15
330	fcntl15_64	PASS	initial_full_campaign	results/20260822T034337Z-firemarshal-qemu-br-crun-ltp-0/nacc-ltp-crun-results.tsv	330	line_no_and_name	fcntl15_64 fcntl15_64
331	fcntl16	PASS	initial_full_campaign	results/20260822T034337Z-firemarshal-qemu-br-crun-ltp-0/nacc-ltp-crun-results.tsv	331	line_no_and_name	fcntl16 fcntl16
332	fcntl16_64	PASS	initial_full_campaign	results/20260822T034337Z-firemarshal-qemu-br-crun-ltp-0/nacc-ltp-crun-results.tsv	332	line_no_and_name	fcntl16_64 fcntl16_64
333	fcntl17	PASS	initial_full_campaign	results/20260822T034337Z-firemarshal-qemu-br-crun-ltp-0/nacc-ltp-crun-results.tsv	333	line_no_and_name	fcntl17 fcntl17
334	fcntl17_64	PASS	initial_full_campaign	results/20260822T034337Z-firemarshal-qemu-br-crun-ltp-0/nacc-ltp-crun-results.tsv	334	line_no_and_name	fcntl17_64 fcntl17_64
335	fcntl18	PASS	initial_full_campaign	results/20260822T034337Z-firemarshal-qemu-br-crun-ltp-0/nacc-ltp-crun-results.tsv	335	line_no_and_name	fcntl18 fcntl18
336	fcntl18_64	PASS	initial_full_campaign	results/20260822T034337Z-firemarshal-qemu-br-crun-ltp-0/nacc-ltp-crun-results.tsv	336	line_no_and_name	fcntl18_64 fcntl18_64
337	fcntl19	PASS	initial_full_campaign	results/20260822T034337Z-firemarshal-qemu-br-crun-ltp-0/nacc-ltp-crun-results.tsv	337	line_no_and_name	fcntl19 fcntl19
338	fcntl19_64	PASS	initial_full_campaign	results/20260822T034337Z-firemarshal-qemu-br-crun-ltp-0/nacc-ltp-crun-results.tsv	338	line_no_and_name	fcntl19_64 fcntl19_64
339	fcntl20	PASS	initial_full_campaign	results/20260822T034337Z-firemarshal-qemu-br-crun-ltp-0/nacc-ltp-crun-results.tsv	339	line_no_and_name	fcntl20 fcntl20
340	fcntl20_64	PASS	initial_full_campaign	results/20260822T034337Z-firemarshal-qemu-br-crun-ltp-0/nacc-ltp-crun-results.tsv	340	line_no_and_name	fcntl20_64 fcntl20_64
341	fcntl21	PASS	initial_full_campaign	results/20260822T034337Z-firemarshal-qemu-br-crun-ltp-0/nacc-ltp-crun-results.tsv	341	line_no_and_name	fcntl21 fcntl21
342	fcntl21_64	PASS	initial_full_campaign	results/20260822T034337Z-firemarshal-qemu-br-crun-ltp-0/nacc-ltp-crun-results.tsv	342	line_no_and_name	fcntl21_64 fcntl21_64
343	fcntl22	PASS	initial_full_campaign	results/20260822T034337Z-firemarshal-qemu-br-crun-ltp-0/nacc-ltp-crun-results.tsv	343	line_no_and_name	fcntl22 fcntl22
344	fcntl22_64	PASS	initial_full_campaign	results/20260822T034337Z-firemarshal-qemu-br-crun-ltp-0/nacc-ltp-crun-results.tsv	344	line_no_and_name	fcntl22_64 fcntl22_64
345	fcntl23	PASS	initial_full_campaign	results/20260822T034337Z-firemarshal-qemu-br-crun-ltp-0/nacc-ltp-crun-results.tsv	345	line_no_and_name	fcntl23 fcntl23
346	fcntl23_64	PASS	initial_full_campaign	results/20260822T034337Z-firemarshal-qemu-br-crun-ltp-0/nacc-ltp-crun-results.tsv	346	line_no_and_name	fcntl23_64 fcntl23_64
347	fcntl24	PASS	initial_full_campaign	results/20260822T034337Z-firemarshal-qemu-br-crun-ltp-0/nacc-ltp-crun-results.tsv	347	line_no_and_name	fcntl24 fcntl24
348	fcntl24_64	PASS	initial_full_campaign	results/20260822T034337Z-firemarshal-qemu-br-crun-ltp-0/nacc-ltp-crun-results.tsv	348	line_no_and_name	fcntl24_64 fcntl24_64
349	fcntl25	PASS	initial_full_campaign	results/20260822T034337Z-firemarshal-qemu-br-crun-ltp-0/nacc-ltp-crun-results.tsv	349	line_no_and_name	fcntl25 fcntl25
350	fcntl25_64	PASS	initial_full_campaign	results/20260822T034337Z-firemarshal-qemu-br-crun-ltp-0/nacc-ltp-crun-results.tsv	350	line_no_and_name	fcntl25_64 fcntl25_64
351	fcntl26	PASS	initial_full_campaign	results/20260822T034337Z-firemarshal-qemu-br-crun-ltp-0/nacc-ltp-crun-results.tsv	351	line_no_and_name	fcntl26 fcntl26
352	fcntl26_64	PASS	initial_full_campaign	results/20260822T034337Z-firemarshal-qemu-br-crun-ltp-0/nacc-ltp-crun-results.tsv	352	line_no_and_name	fcntl26_64 fcntl26_64
353	fcntl27	PASS	initial_full_campaign	results/20260822T034337Z-firemarshal-qemu-br-crun-ltp-0/nacc-ltp-crun-results.tsv	353	line_no_and_name	fcntl27 fcntl27
354	fcntl27_64	PASS	initial_full_campaign	results/20260822T034337Z-firemarshal-qemu-br-crun-ltp-0/nacc-ltp-crun-results.tsv	354	line_no_and_name	fcntl27_64 fcntl27_64
355	fcntl29	PASS	initial_full_campaign	results/20260822T034337Z-firemarshal-qemu-br-crun-ltp-0/nacc-ltp-crun-results.tsv	355	line_no_and_name	fcntl29 fcntl29
356	fcntl29_64	PASS	initial_full_campaign	results/20260822T034337Z-firemarshal-qemu-br-crun-ltp-0/nacc-ltp-crun-results.tsv	356	line_no_and_name	fcntl29_64 fcntl29_64
357	fcntl30	PASS	initial_full_campaign	results/20260822T034337Z-firemarshal-qemu-br-crun-ltp-0/nacc-ltp-crun-results.tsv	357	line_no_and_name	fcntl30 fcntl30
358	fcntl30_64	PASS	initial_full_campaign	results/20260822T034337Z-firemarshal-qemu-br-crun-ltp-0/nacc-ltp-crun-results.tsv	358	line_no_and_name	fcntl30_64 fcntl30_64
359	fcntl31	PASS	initial_full_campaign	results/20260822T034337Z-firemarshal-qemu-br-crun-ltp-0/nacc-ltp-crun-results.tsv	359	line_no_and_name	fcntl31 fcntl31
360	fcntl31_64	PASS	initial_full_campaign	results/20260822T034337Z-firemarshal-qemu-br-crun-ltp-0/nacc-ltp-crun-results.tsv	360	line_no_and_name	fcntl31_64 fcntl31_64
361	fcntl32	PASS	initial_full_campaign	results/20260822T034337Z-firemarshal-qemu-br-crun-ltp-0/nacc-ltp-crun-results.tsv	361	line_no_and_name	fcntl32 fcntl32
362	fcntl32_64	PASS	initial_full_campaign	results/20260822T034337Z-firemarshal-qemu-br-crun-ltp-0/nacc-ltp-crun-results.tsv	362	line_no_and_name	fcntl32_64 fcntl32_64
363	fcntl33	PASS	initial_full_campaign	results/20260822T034337Z-firemarshal-qemu-br-crun-ltp-0/nacc-ltp-crun-results.tsv	363	line_no_and_name	fcntl33 fcntl33
364	fcntl33_64	PASS	initial_full_campaign	results/20260822T034337Z-firemarshal-qemu-br-crun-ltp-0/nacc-ltp-crun-results.tsv	364	line_no_and_name	fcntl33_64 fcntl33_64
365	fcntl34	PASS	initial_full_campaign	results/20260822T034337Z-firemarshal-qemu-br-crun-ltp-0/nacc-ltp-crun-results.tsv	365	line_no_and_name	fcntl34 fcntl34
366	fcntl34_64	PASS	initial_full_campaign	results/20260822T034337Z-firemarshal-qemu-br-crun-ltp-0/nacc-ltp-crun-results.tsv	366	line_no_and_name	fcntl34_64 fcntl34_64
367	fcntl35	PASS	initial_full_campaign	results/20260822T034337Z-firemarshal-qemu-br-crun-ltp-0/nacc-ltp-crun-results.tsv	367	line_no_and_name	fcntl35 fcntl35
368	fcntl35_64	PASS	initial_full_campaign	results/20260822T034337Z-firemarshal-qemu-br-crun-ltp-0/nacc-ltp-crun-results.tsv	368	line_no_and_name	fcntl35_64 fcntl35_64
369	fcntl36	PASS	initial_full_campaign	results/20260822T034337Z-firemarshal-qemu-br-crun-ltp-0/nacc-ltp-crun-results.tsv	369	line_no_and_name	fcntl36 fcntl36
370	fcntl36_64	PASS	initial_full_campaign	results/20260822T034337Z-firemarshal-qemu-br-crun-ltp-0/nacc-ltp-crun-results.tsv	370	line_no_and_name	fcntl36_64 fcntl36_64
371	fcntl37	PASS	initial_full_campaign	results/20260822T034337Z-firemarshal-qemu-br-crun-ltp-0/nacc-ltp-crun-results.tsv	371	line_no_and_name	fcntl37 fcntl37
372	fcntl37_64	PASS	initial_full_campaign	results/20260822T034337Z-firemarshal-qemu-br-crun-ltp-0/nacc-ltp-crun-results.tsv	372	line_no_and_name	fcntl37_64 fcntl37_64
373	fcntl38	PASS	initial_full_campaign	results/20260822T034337Z-firemarshal-qemu-br-crun-ltp-0/nacc-ltp-crun-results.tsv	373	line_no_and_name	fcntl38 fcntl38
374	fcntl38_64	PASS	initial_full_campaign	results/20260822T034337Z-firemarshal-qemu-br-crun-ltp-0/nacc-ltp-crun-results.tsv	374	line_no_and_name	fcntl38_64 fcntl38_64
375	fcntl39	PASS	initial_full_campaign	results/20260822T034337Z-firemarshal-qemu-br-crun-ltp-0/nacc-ltp-crun-results.tsv	375	line_no_and_name	fcntl39 fcntl39
376	fcntl39_64	PASS	initial_full_campaign	results/20260822T034337Z-firemarshal-qemu-br-crun-ltp-0/nacc-ltp-crun-results.tsv	376	line_no_and_name	fcntl39_64 fcntl39_64
380	fdatasync01	PASS	initial_full_campaign	results/20260822T034337Z-firemarshal-qemu-br-crun-ltp-0/nacc-ltp-crun-results.tsv	380	line_no_and_name	fdatasync01 fdatasync01
381	fdatasync02	PASS	initial_full_campaign	results/20260822T034337Z-firemarshal-qemu-br-crun-ltp-0/nacc-ltp-crun-results.tsv	381	line_no_and_name	fdatasync02 fdatasync02
382	fdatasync03	PASS	initial_full_campaign	results/20260822T034337Z-firemarshal-qemu-br-crun-ltp-0/nacc-ltp-crun-results.tsv	382	line_no_and_name	fdatasync03 fdatasync03
384	fgetxattr01	PASS	initial_full_campaign	results/20260822T034337Z-firemarshal-qemu-br-crun-ltp-0/nacc-ltp-crun-results.tsv	384	line_no_and_name	fgetxattr01 fgetxattr01
385	fgetxattr02	PASS	initial_full_campaign	results/20260822T034337Z-firemarshal-qemu-br-crun-ltp-0/nacc-ltp-crun-results.tsv	385	line_no_and_name	fgetxattr02 fgetxattr02
386	fgetxattr03	PASS	initial_full_campaign	results/20260822T034337Z-firemarshal-qemu-br-crun-ltp-0/nacc-ltp-crun-results.tsv	386	line_no_and_name	fgetxattr03 fgetxattr03
388	finit_module01	PASS	initial_full_campaign	results/20260822T034337Z-firemarshal-qemu-br-crun-ltp-0/nacc-ltp-crun-results.tsv	388	line_no_and_name	finit_module01 finit_module01
389	finit_module02	PASS	stdio_semantics_recovery	results/20260823T234709Z-firemarshal-qemu-br-crun-ltp-0/ltp-qemu-shards/shard-0000/uartlog	1923	name_only_source_correction	finit_module02 finit_module02
391	flistxattr01	PASS	initial_full_campaign	results/20260822T034337Z-firemarshal-qemu-br-crun-ltp-0/nacc-ltp-crun-results.tsv	391	line_no_and_name	flistxattr01 flistxattr01
392	flistxattr02	PASS	initial_full_campaign	results/20260822T034337Z-firemarshal-qemu-br-crun-ltp-0/nacc-ltp-crun-results.tsv	392	line_no_and_name	flistxattr02 flistxattr02
393	flistxattr03	PASS	initial_full_campaign	results/20260822T034337Z-firemarshal-qemu-br-crun-ltp-0/nacc-ltp-crun-results.tsv	393	line_no_and_name	flistxattr03 flistxattr03
395	flock01	PASS	initial_full_campaign	results/20260822T034337Z-firemarshal-qemu-br-crun-ltp-0/nacc-ltp-crun-results.tsv	395	line_no_and_name	flock01 flock01
396	flock02	PASS	initial_full_campaign	results/20260822T034337Z-firemarshal-qemu-br-crun-ltp-0/nacc-ltp-crun-results.tsv	396	line_no_and_name	flock02 flock02
397	flock03	PASS	initial_full_campaign	results/20260822T034337Z-firemarshal-qemu-br-crun-ltp-0/nacc-ltp-crun-results.tsv	397	line_no_and_name	flock03 flock03
398	flock04	PASS	initial_full_campaign	results/20260822T034337Z-firemarshal-qemu-br-crun-ltp-0/nacc-ltp-crun-results.tsv	398	line_no_and_name	flock04 flock04
399	flock06	PASS	initial_full_campaign	results/20260822T034337Z-firemarshal-qemu-br-crun-ltp-0/nacc-ltp-crun-results.tsv	399	line_no_and_name	flock06 flock06
400	flock07	PASS	initial_full_campaign	results/20260822T034337Z-firemarshal-qemu-br-crun-ltp-0/nacc-ltp-crun-results.tsv	400	line_no_and_name	flock07 flock07
402	fmtmsg01	PASS	initial_full_campaign	results/20260822T034337Z-firemarshal-qemu-br-crun-ltp-0/nacc-ltp-crun-results.tsv	402	line_no_and_name	fmtmsg01 fmtmsg01
404	fork01	PASS	initial_full_campaign	results/20260822T034337Z-firemarshal-qemu-br-crun-ltp-0/nacc-ltp-crun-results.tsv	404	line_no_and_name	fork01 fork01
405	fork03	PASS	initial_full_campaign	results/20260822T034337Z-firemarshal-qemu-br-crun-ltp-0/nacc-ltp-crun-results.tsv	405	line_no_and_name	fork03 fork03
406	fork04	PASS	initial_full_campaign	results/20260822T034337Z-firemarshal-qemu-br-crun-ltp-0/nacc-ltp-crun-results.tsv	406	line_no_and_name	fork04 fork04
408	fork06	PASS	initial_full_campaign	results/20260822T034337Z-firemarshal-qemu-br-crun-ltp-0/nacc-ltp-crun-results.tsv	408	line_no_and_name	fork06 fork_procs -n 1000
409	fork07	PASS	initial_full_campaign	results/20260822T034337Z-firemarshal-qemu-br-crun-ltp-0/nacc-ltp-crun-results.tsv	409	line_no_and_name	fork07 fork07
410	fork08	PASS	initial_full_campaign	results/20260822T034337Z-firemarshal-qemu-br-crun-ltp-0/nacc-ltp-crun-results.tsv	410	line_no_and_name	fork08 fork08
411	fork09	PASS	initial_full_campaign	results/20260822T034337Z-firemarshal-qemu-br-crun-ltp-0/nacc-ltp-crun-results.tsv	411	line_no_and_name	fork09 fork09
412	fork10	PASS	initial_full_campaign	results/20260822T034337Z-firemarshal-qemu-br-crun-ltp-0/nacc-ltp-crun-results.tsv	412	line_no_and_name	fork10 fork10
413	fork11	PASS	initial_full_campaign	results/20260822T034337Z-firemarshal-qemu-br-crun-ltp-0/nacc-ltp-crun-results.tsv	413	line_no_and_name	fork11 fork_procs -n 100
414	fork13	PASS	environment_recovery	results/20260823T153839Z-firemarshal-qemu-br-crun-ltp-0/nacc-ltp-crun-pass-entries.tsv	414	line_no_and_name	fork13 fork13
415	fork14	PASS	initial_full_campaign	results/20260822T034337Z-firemarshal-qemu-br-crun-ltp-0/nacc-ltp-crun-results.tsv	415	line_no_and_name	fork14 fork14
417	fpathconf01	PASS	initial_full_campaign	results/20260822T034337Z-firemarshal-qemu-br-crun-ltp-0/nacc-ltp-crun-results.tsv	417	line_no_and_name	fpathconf01 fpathconf01
419	fremovexattr01	PASS	initial_full_campaign	results/20260822T034337Z-firemarshal-qemu-br-crun-ltp-0/nacc-ltp-crun-results.tsv	419	line_no_and_name	fremovexattr01 fremovexattr01
420	fremovexattr02	PASS	initial_full_campaign	results/20260822T034337Z-firemarshal-qemu-br-crun-ltp-0/nacc-ltp-crun-results.tsv	420	line_no_and_name	fremovexattr02 fremovexattr02
422	fsconfig01	PASS	initial_full_campaign	results/20260822T034337Z-firemarshal-qemu-br-crun-ltp-0/nacc-ltp-crun-results.tsv	422	line_no_and_name	fsconfig01 fsconfig01
423	fsconfig02	PASS	initial_full_campaign	results/20260822T034337Z-firemarshal-qemu-br-crun-ltp-0/nacc-ltp-crun-results.tsv	423	line_no_and_name	fsconfig02 fsconfig02
424	fsconfig03	PASS	initial_full_campaign	results/20260822T034337Z-firemarshal-qemu-br-crun-ltp-0/nacc-ltp-crun-results.tsv	424	line_no_and_name	fsconfig03 fsconfig03
426	fsmount01	PASS	initial_full_campaign	results/20260822T034337Z-firemarshal-qemu-br-crun-ltp-0/nacc-ltp-crun-results.tsv	426	line_no_and_name	fsmount01 fsmount01
427	fsmount02	PASS	initial_full_campaign	results/20260822T034337Z-firemarshal-qemu-br-crun-ltp-0/nacc-ltp-crun-results.tsv	427	line_no_and_name	fsmount02 fsmount02
429	fsopen01	PASS	initial_full_campaign	results/20260822T034337Z-firemarshal-qemu-br-crun-ltp-0/nacc-ltp-crun-results.tsv	429	line_no_and_name	fsopen01 fsopen01
430	fsopen02	PASS	initial_full_campaign	results/20260822T034337Z-firemarshal-qemu-br-crun-ltp-0/nacc-ltp-crun-results.tsv	430	line_no_and_name	fsopen02 fsopen02
432	fspick01	PASS	initial_full_campaign	results/20260822T034337Z-firemarshal-qemu-br-crun-ltp-0/nacc-ltp-crun-results.tsv	432	line_no_and_name	fspick01 fspick01
433	fspick02	PASS	initial_full_campaign	results/20260822T034337Z-firemarshal-qemu-br-crun-ltp-0/nacc-ltp-crun-results.tsv	433	line_no_and_name	fspick02 fspick02
435	fstat02	PASS	initial_full_campaign	results/20260822T034337Z-firemarshal-qemu-br-crun-ltp-0/nacc-ltp-crun-results.tsv	435	line_no_and_name	fstat02 fstat02
436	fstat02_64	PASS	initial_full_campaign	results/20260822T034337Z-firemarshal-qemu-br-crun-ltp-0/nacc-ltp-crun-results.tsv	436	line_no_and_name	fstat02_64 fstat02_64
437	fstat03	PASS	initial_full_campaign	results/20260822T034337Z-firemarshal-qemu-br-crun-ltp-0/nacc-ltp-crun-results.tsv	437	line_no_and_name	fstat03 fstat03
438	fstat03_64	PASS	initial_full_campaign	results/20260822T034337Z-firemarshal-qemu-br-crun-ltp-0/nacc-ltp-crun-results.tsv	438	line_no_and_name	fstat03_64 fstat03_64
441	fstatat01	PASS	initial_full_campaign	results/20260822T034337Z-firemarshal-qemu-br-crun-ltp-0/nacc-ltp-crun-results.tsv	441	line_no_and_name	fstatat01 fstatat01
443	fstatfs01	PASS	initial_full_campaign	results/20260822T034337Z-firemarshal-qemu-br-crun-ltp-0/nacc-ltp-crun-results.tsv	443	line_no_and_name	fstatfs01 fstatfs01
444	fstatfs01_64	PASS	initial_full_campaign	results/20260822T034337Z-firemarshal-qemu-br-crun-ltp-0/nacc-ltp-crun-results.tsv	444	line_no_and_name	fstatfs01_64 fstatfs01_64
445	fstatfs02	PASS	initial_full_campaign	results/20260822T034337Z-firemarshal-qemu-br-crun-ltp-0/nacc-ltp-crun-results.tsv	445	line_no_and_name	fstatfs02 fstatfs02
446	fstatfs02_64	PASS	initial_full_campaign	results/20260822T034337Z-firemarshal-qemu-br-crun-ltp-0/nacc-ltp-crun-results.tsv	446	line_no_and_name	fstatfs02_64 fstatfs02_64
448	fsync01	PASS	initial_full_campaign	results/20260822T034337Z-firemarshal-qemu-br-crun-ltp-0/nacc-ltp-crun-results.tsv	448	line_no_and_name	fsync01 fsync01
449	fsync02	PASS	initial_full_campaign	results/20260822T034337Z-firemarshal-qemu-br-crun-ltp-0/nacc-ltp-crun-results.tsv	449	line_no_and_name	fsync02 fsync02
450	fsync03	PASS	initial_full_campaign	results/20260822T034337Z-firemarshal-qemu-br-crun-ltp-0/nacc-ltp-crun-results.tsv	450	line_no_and_name	fsync03 fsync03
451	fsync04	PASS	initial_full_campaign	results/20260822T034337Z-firemarshal-qemu-br-crun-ltp-0/nacc-ltp-crun-results.tsv	451	line_no_and_name	fsync04 fsync04
453	ftruncate01	PASS	initial_full_campaign	results/20260822T034337Z-firemarshal-qemu-br-crun-ltp-0/nacc-ltp-crun-results.tsv	453	line_no_and_name	ftruncate01 ftruncate01
454	ftruncate01_64	PASS	initial_full_campaign	results/20260822T034337Z-firemarshal-qemu-br-crun-ltp-0/nacc-ltp-crun-results.tsv	454	line_no_and_name	ftruncate01_64 ftruncate01_64
455	ftruncate03	PASS	initial_full_campaign	results/20260822T034337Z-firemarshal-qemu-br-crun-ltp-0/nacc-ltp-crun-results.tsv	455	line_no_and_name	ftruncate03 ftruncate03
456	ftruncate03_64	PASS	initial_full_campaign	results/20260822T034337Z-firemarshal-qemu-br-crun-ltp-0/nacc-ltp-crun-results.tsv	456	line_no_and_name	ftruncate03_64 ftruncate03_64
463	getcontext01	PASS	initial_full_campaign	results/20260822T034337Z-firemarshal-qemu-br-crun-ltp-0/nacc-ltp-crun-results.tsv	463	line_no_and_name	getcontext01 getcontext01
465	getcpu01	PASS	initial_full_campaign	results/20260822T034337Z-firemarshal-qemu-br-crun-ltp-0/nacc-ltp-crun-results.tsv	465	line_no_and_name	getcpu01 getcpu01
466	getcpu02	PASS	initial_full_campaign	results/20260822T034337Z-firemarshal-qemu-br-crun-ltp-0/nacc-ltp-crun-results.tsv	466	line_no_and_name	getcpu02 getcpu02
468	getcwd01	PASS	initial_full_campaign	results/20260822T034337Z-firemarshal-qemu-br-crun-ltp-0/nacc-ltp-crun-results.tsv	468	line_no_and_name	getcwd01 getcwd01
469	getcwd02	PASS	initial_full_campaign	results/20260822T034337Z-firemarshal-qemu-br-crun-ltp-0/nacc-ltp-crun-results.tsv	469	line_no_and_name	getcwd02 getcwd02
470	getcwd03	PASS	initial_full_campaign	results/20260822T034337Z-firemarshal-qemu-br-crun-ltp-0/nacc-ltp-crun-results.tsv	470	line_no_and_name	getcwd03 getcwd03
473	getdents01	PASS	initial_full_campaign	results/20260822T034337Z-firemarshal-qemu-br-crun-ltp-0/nacc-ltp-crun-results.tsv	473	line_no_and_name	getdents01 getdents01
474	getdents02	PASS	initial_full_campaign	results/20260822T034337Z-firemarshal-qemu-br-crun-ltp-0/nacc-ltp-crun-results.tsv	474	line_no_and_name	getdents02 getdents02
476	getdomainname01	PASS	initial_full_campaign	results/20260822T034337Z-firemarshal-qemu-br-crun-ltp-0/nacc-ltp-crun-results.tsv	476	line_no_and_name	getdomainname01 getdomainname01
478	getegid01	PASS	initial_full_campaign	results/20260822T034337Z-firemarshal-qemu-br-crun-ltp-0/nacc-ltp-crun-results.tsv	478	line_no_and_name	getegid01 getegid01
479	getegid01_16	PASS	initial_full_campaign	results/20260822T034337Z-firemarshal-qemu-br-crun-ltp-0/nacc-ltp-crun-results.tsv	479	line_no_and_name	getegid01_16 getegid01_16
480	getegid02	PASS	initial_full_campaign	results/20260822T034337Z-firemarshal-qemu-br-crun-ltp-0/nacc-ltp-crun-results.tsv	480	line_no_and_name	getegid02 getegid02
481	getegid02_16	PASS	initial_full_campaign	results/20260822T034337Z-firemarshal-qemu-br-crun-ltp-0/nacc-ltp-crun-results.tsv	481	line_no_and_name	getegid02_16 getegid02_16
483	geteuid01	PASS	initial_full_campaign	results/20260822T034337Z-firemarshal-qemu-br-crun-ltp-0/nacc-ltp-crun-results.tsv	483	line_no_and_name	geteuid01 geteuid01
485	geteuid02	PASS	initial_full_campaign	results/20260822T034337Z-firemarshal-qemu-br-crun-ltp-0/nacc-ltp-crun-results.tsv	485	line_no_and_name	geteuid02 geteuid02
488	getgid01	PASS	initial_full_campaign	results/20260822T034337Z-firemarshal-qemu-br-crun-ltp-0/nacc-ltp-crun-results.tsv	488	line_no_and_name	getgid01 getgid01
490	getgid03	PASS	initial_full_campaign	results/20260822T034337Z-firemarshal-qemu-br-crun-ltp-0/nacc-ltp-crun-results.tsv	490	line_no_and_name	getgid03 getgid03
493	getgroups01	PASS	initial_full_campaign	results/20260822T034337Z-firemarshal-qemu-br-crun-ltp-0/nacc-ltp-crun-results.tsv	493	line_no_and_name	getgroups01 getgroups01
495	getgroups03	PASS	initial_full_campaign	results/20260822T034337Z-firemarshal-qemu-br-crun-ltp-0/nacc-ltp-crun-results.tsv	495	line_no_and_name	getgroups03 getgroups03
498	gethostbyname_r01	PASS	initial_full_campaign	results/20260822T034337Z-firemarshal-qemu-br-crun-ltp-0/nacc-ltp-crun-results.tsv	498	line_no_and_name	gethostbyname_r01 gethostbyname_r01
500	gethostid01	PASS	initial_full_campaign	results/20260822T034337Z-firemarshal-qemu-br-crun-ltp-0/nacc-ltp-crun-results.tsv	500	line_no_and_name	gethostid01 gethostid01
502	gethostname01	PASS	initial_full_campaign	results/20260822T034337Z-firemarshal-qemu-br-crun-ltp-0/nacc-ltp-crun-results.tsv	502	line_no_and_name	gethostname01 gethostname01
503	gethostname02	PASS	initial_full_campaign	results/20260822T034337Z-firemarshal-qemu-br-crun-ltp-0/nacc-ltp-crun-results.tsv	503	line_no_and_name	gethostname02 gethostname02
505	getitimer01	PASS	initial_full_campaign	results/20260822T034337Z-firemarshal-qemu-br-crun-ltp-0/nacc-ltp-crun-results.tsv	505	line_no_and_name	getitimer01 getitimer01
506	getitimer02	PASS	initial_full_campaign	results/20260822T034337Z-firemarshal-qemu-br-crun-ltp-0/nacc-ltp-crun-results.tsv	506	line_no_and_name	getitimer02 getitimer02
508	getpagesize01	PASS	initial_full_campaign	results/20260822T034337Z-firemarshal-qemu-br-crun-ltp-0/nacc-ltp-crun-results.tsv	508	line_no_and_name	getpagesize01 getpagesize01
510	getpeername01	PASS	initial_full_campaign	results/20260822T034337Z-firemarshal-qemu-br-crun-ltp-0/nacc-ltp-crun-results.tsv	510	line_no_and_name	getpeername01 getpeername01
512	getpgid01	PASS	initial_full_campaign	results/20260822T034337Z-firemarshal-qemu-br-crun-ltp-0/nacc-ltp-crun-results.tsv	512	line_no_and_name	getpgid01 getpgid01
513	getpgid02	PASS	initial_full_campaign	results/20260822T034337Z-firemarshal-qemu-br-crun-ltp-0/nacc-ltp-crun-results.tsv	513	line_no_and_name	getpgid02 getpgid02
515	getpgrp01	PASS	initial_full_campaign	results/20260822T034337Z-firemarshal-qemu-br-crun-ltp-0/nacc-ltp-crun-results.tsv	515	line_no_and_name	getpgrp01 getpgrp01
517	getpid01	PASS	initial_full_campaign	results/20260822T034337Z-firemarshal-qemu-br-crun-ltp-0/nacc-ltp-crun-results.tsv	517	line_no_and_name	getpid01 getpid01
518	getpid02	PASS	initial_full_campaign	results/20260822T034337Z-firemarshal-qemu-br-crun-ltp-0/nacc-ltp-crun-results.tsv	518	line_no_and_name	getpid02 getpid02
520	getppid01	PASS	initial_full_campaign	results/20260822T034337Z-firemarshal-qemu-br-crun-ltp-0/nacc-ltp-crun-results.tsv	520	line_no_and_name	getppid01 getppid01
521	getppid02	PASS	initial_full_campaign	results/20260822T034337Z-firemarshal-qemu-br-crun-ltp-0/nacc-ltp-crun-results.tsv	521	line_no_and_name	getppid02 getppid02
523	getpriority01	PASS	initial_full_campaign	results/20260822T034337Z-firemarshal-qemu-br-crun-ltp-0/nacc-ltp-crun-results.tsv	523	line_no_and_name	getpriority01 getpriority01
524	getpriority02	PASS	initial_full_campaign	results/20260822T034337Z-firemarshal-qemu-br-crun-ltp-0/nacc-ltp-crun-results.tsv	524	line_no_and_name	getpriority02 getpriority02
526	getrandom01	PASS	initial_full_campaign	results/20260822T034337Z-firemarshal-qemu-br-crun-ltp-0/nacc-ltp-crun-results.tsv	526	line_no_and_name	getrandom01 getrandom01
527	getrandom02	PASS	initial_full_campaign	results/20260822T034337Z-firemarshal-qemu-br-crun-ltp-0/nacc-ltp-crun-results.tsv	527	line_no_and_name	getrandom02 getrandom02
528	getrandom03	PASS	initial_full_campaign	results/20260822T034337Z-firemarshal-qemu-br-crun-ltp-0/nacc-ltp-crun-results.tsv	528	line_no_and_name	getrandom03 getrandom03
529	getrandom04	PASS	initial_full_campaign	results/20260822T034337Z-firemarshal-qemu-br-crun-ltp-0/nacc-ltp-crun-results.tsv	529	line_no_and_name	getrandom04 getrandom04
530	getrandom05	PASS	initial_full_campaign	results/20260822T034337Z-firemarshal-qemu-br-crun-ltp-0/nacc-ltp-crun-results.tsv	530	line_no_and_name	getrandom05 getrandom05
532	getresgid01	PASS	initial_full_campaign	results/20260822T034337Z-firemarshal-qemu-br-crun-ltp-0/nacc-ltp-crun-results.tsv	532	line_no_and_name	getresgid01 getresgid01
534	getresgid02	PASS	initial_full_campaign	results/20260822T034337Z-firemarshal-qemu-br-crun-ltp-0/nacc-ltp-crun-results.tsv	534	line_no_and_name	getresgid02 getresgid02
536	getresgid03	PASS	initial_full_campaign	results/20260822T034337Z-firemarshal-qemu-br-crun-ltp-0/nacc-ltp-crun-results.tsv	536	line_no_and_name	getresgid03 getresgid03
539	getresuid01	PASS	initial_full_campaign	results/20260822T034337Z-firemarshal-qemu-br-crun-ltp-0/nacc-ltp-crun-results.tsv	539	line_no_and_name	getresuid01 getresuid01
541	getresuid02	PASS	initial_full_campaign	results/20260822T034337Z-firemarshal-qemu-br-crun-ltp-0/nacc-ltp-crun-results.tsv	541	line_no_and_name	getresuid02 getresuid02
543	getresuid03	PASS	initial_full_campaign	results/20260822T034337Z-firemarshal-qemu-br-crun-ltp-0/nacc-ltp-crun-results.tsv	543	line_no_and_name	getresuid03 getresuid03
546	getrlimit01	PASS	initial_full_campaign	results/20260822T034337Z-firemarshal-qemu-br-crun-ltp-0/nacc-ltp-crun-results.tsv	546	line_no_and_name	getrlimit01 getrlimit01
547	getrlimit02	PASS	initial_full_campaign	results/20260822T034337Z-firemarshal-qemu-br-crun-ltp-0/nacc-ltp-crun-results.tsv	547	line_no_and_name	getrlimit02 getrlimit02
548	getrlimit03	PASS	initial_full_campaign	results/20260822T034337Z-firemarshal-qemu-br-crun-ltp-0/nacc-ltp-crun-results.tsv	548	line_no_and_name	getrlimit03 getrlimit03
550	get_mempolicy01	PASS	initial_full_campaign	results/20260822T034337Z-firemarshal-qemu-br-crun-ltp-0/nacc-ltp-crun-results.tsv	550	line_no_and_name	get_mempolicy01 get_mempolicy01
551	get_mempolicy02	PASS	initial_full_campaign	results/20260822T034337Z-firemarshal-qemu-br-crun-ltp-0/nacc-ltp-crun-results.tsv	551	line_no_and_name	get_mempolicy02 get_mempolicy02
552	get_robust_list01	PASS	initial_full_campaign	results/20260822T034337Z-firemarshal-qemu-br-crun-ltp-0/nacc-ltp-crun-results.tsv	552	line_no_and_name	get_robust_list01 get_robust_list01
554	getrusage01	PASS	initial_full_campaign	results/20260822T034337Z-firemarshal-qemu-br-crun-ltp-0/nacc-ltp-crun-results.tsv	554	line_no_and_name	getrusage01 getrusage01
555	getrusage02	PASS	initial_full_campaign	results/20260822T034337Z-firemarshal-qemu-br-crun-ltp-0/nacc-ltp-crun-results.tsv	555	line_no_and_name	getrusage02 getrusage02
556	getrusage03	PASS	initial_full_campaign	results/20260822T034337Z-firemarshal-qemu-br-crun-ltp-0/nacc-ltp-crun-results.tsv	556	line_no_and_name	getrusage03 getrusage03
557	getrusage04	PASS	initial_full_campaign	results/20260822T034337Z-firemarshal-qemu-br-crun-ltp-0/nacc-ltp-crun-results.tsv	557	line_no_and_name	getrusage04 getrusage04
559	getsid01	PASS	initial_full_campaign	results/20260822T034337Z-firemarshal-qemu-br-crun-ltp-0/nacc-ltp-crun-results.tsv	559	line_no_and_name	getsid01 getsid01
560	getsid02	PASS	initial_full_campaign	results/20260822T034337Z-firemarshal-qemu-br-crun-ltp-0/nacc-ltp-crun-results.tsv	560	line_no_and_name	getsid02 getsid02
562	getsockname01	PASS	initial_full_campaign	results/20260822T034337Z-firemarshal-qemu-br-crun-ltp-0/nacc-ltp-crun-results.tsv	562	line_no_and_name	getsockname01 getsockname01
564	getsockopt01	PASS	initial_full_campaign	results/20260822T034337Z-firemarshal-qemu-br-crun-ltp-0/nacc-ltp-crun-results.tsv	564	line_no_and_name	getsockopt01 getsockopt01
565	getsockopt02	PASS	initial_full_campaign	results/20260822T034337Z-firemarshal-qemu-br-crun-ltp-0/nacc-ltp-crun-results.tsv	565	line_no_and_name	getsockopt02 getsockopt02
567	gettid01	PASS	initial_full_campaign	results/20260822T034337Z-firemarshal-qemu-br-crun-ltp-0/nacc-ltp-crun-results.tsv	567	line_no_and_name	gettid01 gettid01
568	gettid02	PASS	initial_full_campaign	results/20260822T034337Z-firemarshal-qemu-br-crun-ltp-0/nacc-ltp-crun-results.tsv	568	line_no_and_name	gettid02 gettid02
570	gettimeofday01	PASS	initial_full_campaign	results/20260822T034337Z-firemarshal-qemu-br-crun-ltp-0/nacc-ltp-crun-results.tsv	570	line_no_and_name	gettimeofday01 gettimeofday01
571	gettimeofday02	PASS	initial_full_campaign	results/20260822T034337Z-firemarshal-qemu-br-crun-ltp-0/nacc-ltp-crun-results.tsv	571	line_no_and_name	gettimeofday02 gettimeofday02
573	getuid01	PASS	initial_full_campaign	results/20260822T034337Z-firemarshal-qemu-br-crun-ltp-0/nacc-ltp-crun-results.tsv	573	line_no_and_name	getuid01 getuid01
575	getuid03	PASS	initial_full_campaign	results/20260822T034337Z-firemarshal-qemu-br-crun-ltp-0/nacc-ltp-crun-results.tsv	575	line_no_and_name	getuid03 getuid03
578	getxattr01	PASS	initial_full_campaign	results/20260822T034337Z-firemarshal-qemu-br-crun-ltp-0/nacc-ltp-crun-results.tsv	578	line_no_and_name	getxattr01 getxattr01
579	getxattr02	PASS	initial_full_campaign	results/20260822T034337Z-firemarshal-qemu-br-crun-ltp-0/nacc-ltp-crun-results.tsv	579	line_no_and_name	getxattr02 getxattr02
580	getxattr03	PASS	initial_full_campaign	results/20260822T034337Z-firemarshal-qemu-br-crun-ltp-0/nacc-ltp-crun-results.tsv	580	line_no_and_name	getxattr03 getxattr03
581	getxattr04	PASS	initial_full_campaign	results/20260822T034337Z-firemarshal-qemu-br-crun-ltp-0/nacc-ltp-crun-results.tsv	581	line_no_and_name	getxattr04 getxattr04
582	getxattr05	PASS	initial_full_campaign	results/20260822T034337Z-firemarshal-qemu-br-crun-ltp-0/nacc-ltp-crun-results.tsv	582	line_no_and_name	getxattr05 getxattr05
584	init_module01	PASS	initial_full_campaign	results/20260822T034337Z-firemarshal-qemu-br-crun-ltp-0/nacc-ltp-crun-results.tsv	584	line_no_and_name	init_module01 init_module01
585	init_module02	PASS	initial_full_campaign	results/20260822T034337Z-firemarshal-qemu-br-crun-ltp-0/nacc-ltp-crun-results.tsv	585	line_no_and_name	init_module02 init_module02
591	ioctl01	PASS	initial_full_campaign	results/20260822T034337Z-firemarshal-qemu-br-crun-ltp-0/nacc-ltp-crun-results.tsv	591	line_no_and_name	ioctl01      ioctl01
592	ioctl02	PASS	initial_full_campaign	results/20260822T034337Z-firemarshal-qemu-br-crun-ltp-0/nacc-ltp-crun-results.tsv	592	line_no_and_name	ioctl02      test_ioctl
593	ioctl03	PASS	initial_full_campaign	results/20260822T034337Z-firemarshal-qemu-br-crun-ltp-0/nacc-ltp-crun-results.tsv	593	line_no_and_name	ioctl03      ioctl03
594	ioctl04	PASS	initial_full_campaign	results/20260822T034337Z-firemarshal-qemu-br-crun-ltp-0/nacc-ltp-crun-results.tsv	594	line_no_and_name	ioctl04      ioctl04
595	ioctl05	PASS	initial_full_campaign	results/20260822T034337Z-firemarshal-qemu-br-crun-ltp-0/nacc-ltp-crun-results.tsv	595	line_no_and_name	ioctl05      ioctl05
596	ioctl06	PASS	initial_full_campaign	results/20260822T034337Z-firemarshal-qemu-br-crun-ltp-0/nacc-ltp-crun-results.tsv	596	line_no_and_name	ioctl06      ioctl06
597	ioctl07	PASS	initial_full_campaign	results/20260822T034337Z-firemarshal-qemu-br-crun-ltp-0/nacc-ltp-crun-results.tsv	597	line_no_and_name	ioctl07      ioctl07
598	ioctl08	PASS	initial_full_campaign	results/20260822T034337Z-firemarshal-qemu-br-crun-ltp-0/nacc-ltp-crun-results.tsv	598	line_no_and_name	ioctl08      ioctl08
599	ioctl09	PASS	loop_partition_cleanup_recovery	results/20260824T013104Z-firemarshal-qemu-br-crun-ltp-0/nacc-ltp-crun-results.tsv	599	line_no_and_name	ioctl09      ioctl09
602	ioctl_loop01	PASS	loop_partition_cleanup_recovery	results/20260824T013104Z-firemarshal-qemu-br-crun-ltp-0/nacc-ltp-crun-results.tsv	602	line_no_and_name	ioctl_loop01 ioctl_loop01
603	ioctl_loop02	PASS	initial_full_campaign	results/20260822T034337Z-firemarshal-qemu-br-crun-ltp-0/nacc-ltp-crun-results.tsv	603	line_no_and_name	ioctl_loop02 ioctl_loop02
604	ioctl_loop03	PASS	initial_full_campaign	results/20260822T034337Z-firemarshal-qemu-br-crun-ltp-0/nacc-ltp-crun-results.tsv	604	line_no_and_name	ioctl_loop03 ioctl_loop03
605	ioctl_loop04	PASS	initial_full_campaign	results/20260822T034337Z-firemarshal-qemu-br-crun-ltp-0/nacc-ltp-crun-results.tsv	605	line_no_and_name	ioctl_loop04 ioctl_loop04
606	ioctl_loop05	PASS	initial_full_campaign	results/20260822T034337Z-firemarshal-qemu-br-crun-ltp-0/nacc-ltp-crun-results.tsv	606	line_no_and_name	ioctl_loop05 ioctl_loop05
607	ioctl_loop06	PASS	initial_full_campaign	results/20260822T034337Z-firemarshal-qemu-br-crun-ltp-0/nacc-ltp-crun-results.tsv	607	line_no_and_name	ioctl_loop06 ioctl_loop06
608	ioctl_loop07	PASS	initial_full_campaign	results/20260822T034337Z-firemarshal-qemu-br-crun-ltp-0/nacc-ltp-crun-results.tsv	608	line_no_and_name	ioctl_loop07 ioctl_loop07
610	ioctl_ns01	PASS	initial_full_campaign	results/20260822T034337Z-firemarshal-qemu-br-crun-ltp-0/nacc-ltp-crun-results.tsv	610	line_no_and_name	ioctl_ns01 ioctl_ns01
611	ioctl_ns02	PASS	initial_full_campaign	results/20260822T034337Z-firemarshal-qemu-br-crun-ltp-0/nacc-ltp-crun-results.tsv	611	line_no_and_name	ioctl_ns02 ioctl_ns02
612	ioctl_ns03	PASS	initial_full_campaign	results/20260822T034337Z-firemarshal-qemu-br-crun-ltp-0/nacc-ltp-crun-results.tsv	612	line_no_and_name	ioctl_ns03 ioctl_ns03
613	ioctl_ns04	PASS	initial_full_campaign	results/20260822T034337Z-firemarshal-qemu-br-crun-ltp-0/nacc-ltp-crun-results.tsv	613	line_no_and_name	ioctl_ns04 ioctl_ns04
614	ioctl_ns05	PASS	initial_full_campaign	results/20260822T034337Z-firemarshal-qemu-br-crun-ltp-0/nacc-ltp-crun-results.tsv	614	line_no_and_name	ioctl_ns05 ioctl_ns05
615	ioctl_ns06	PASS	initial_full_campaign	results/20260822T034337Z-firemarshal-qemu-br-crun-ltp-0/nacc-ltp-crun-results.tsv	615	line_no_and_name	ioctl_ns06 ioctl_ns06
616	ioctl_ns07	PASS	initial_full_campaign	results/20260822T034337Z-firemarshal-qemu-br-crun-ltp-0/nacc-ltp-crun-results.tsv	616	line_no_and_name	ioctl_ns07 ioctl_ns07
618	ioctl_sg01	PASS	environment_recovery	results/20260823T153839Z-firemarshal-qemu-br-crun-ltp-0/nacc-ltp-crun-pass-entries.tsv	618	line_no_and_name	ioctl_sg01 ioctl_sg01
620	ioctl_ficlone01	PASS	initial_full_campaign	results/20260822T034337Z-firemarshal-qemu-br-crun-ltp-0/nacc-ltp-crun-results.tsv	620	line_no_and_name	ioctl_ficlone01 ioctl_ficlone01
621	ioctl_ficlone02	PASS	initial_full_campaign	results/20260822T034337Z-firemarshal-qemu-br-crun-ltp-0/nacc-ltp-crun-results.tsv	621	line_no_and_name	ioctl_ficlone02 ioctl_ficlone02
622	ioctl_ficlone03	PASS	initial_full_campaign	results/20260822T034337Z-firemarshal-qemu-br-crun-ltp-0/nacc-ltp-crun-results.tsv	622	line_no_and_name	ioctl_ficlone03 ioctl_ficlone03
623	ioctl_ficlonerange01	PASS	initial_full_campaign	results/20260822T034337Z-firemarshal-qemu-br-crun-ltp-0/nacc-ltp-crun-results.tsv	623	line_no_and_name	ioctl_ficlonerange01 ioctl_ficlonerange01
624	ioctl_ficlonerange02	PASS	initial_full_campaign	results/20260822T034337Z-firemarshal-qemu-br-crun-ltp-0/nacc-ltp-crun-results.tsv	624	line_no_and_name	ioctl_ficlonerange02 ioctl_ficlonerange02
625	ioctl_fiemap01	PASS	initial_full_campaign	results/20260822T034337Z-firemarshal-qemu-br-crun-ltp-0/nacc-ltp-crun-results.tsv	625	line_no_and_name	ioctl_fiemap01 ioctl_fiemap01
636	inotify_init1_01	PASS	initial_full_campaign	results/20260822T034337Z-firemarshal-qemu-br-crun-ltp-0/nacc-ltp-crun-results.tsv	636	line_no_and_name	inotify_init1_01 inotify_init1_01
637	inotify_init1_02	PASS	initial_full_campaign	results/20260822T034337Z-firemarshal-qemu-br-crun-ltp-0/nacc-ltp-crun-results.tsv	637	line_no_and_name	inotify_init1_02 inotify_init1_02
639	inotify01	PASS	initial_full_campaign	results/20260822T034337Z-firemarshal-qemu-br-crun-ltp-0/nacc-ltp-crun-results.tsv	639	line_no_and_name	inotify01 inotify01
640	inotify02	PASS	initial_full_campaign	results/20260822T034337Z-firemarshal-qemu-br-crun-ltp-0/nacc-ltp-crun-results.tsv	640	line_no_and_name	inotify02 inotify02
641	inotify03	PASS	initial_full_campaign	results/20260822T034337Z-firemarshal-qemu-br-crun-ltp-0/nacc-ltp-crun-results.tsv	641	line_no_and_name	inotify03 inotify03
642	inotify04	PASS	initial_full_campaign	results/20260822T034337Z-firemarshal-qemu-br-crun-ltp-0/nacc-ltp-crun-results.tsv	642	line_no_and_name	inotify04 inotify04
643	inotify05	PASS	initial_full_campaign	results/20260822T034337Z-firemarshal-qemu-br-crun-ltp-0/nacc-ltp-crun-results.tsv	643	line_no_and_name	inotify05 inotify05
644	inotify06	PASS	initial_full_campaign	results/20260822T034337Z-firemarshal-qemu-br-crun-ltp-0/nacc-ltp-crun-results.tsv	644	line_no_and_name	inotify06 inotify06
645	inotify07	PASS	initial_full_campaign	results/20260822T034337Z-firemarshal-qemu-br-crun-ltp-0/nacc-ltp-crun-results.tsv	645	line_no_and_name	inotify07 inotify07
646	inotify08	PASS	initial_full_campaign	results/20260822T034337Z-firemarshal-qemu-br-crun-ltp-0/nacc-ltp-crun-results.tsv	646	line_no_and_name	inotify08 inotify08
647	inotify09	PASS	initial_full_campaign	results/20260822T034337Z-firemarshal-qemu-br-crun-ltp-0/nacc-ltp-crun-results.tsv	647	line_no_and_name	inotify09 inotify09
648	inotify10	PASS	initial_full_campaign	results/20260822T034337Z-firemarshal-qemu-br-crun-ltp-0/nacc-ltp-crun-results.tsv	648	line_no_and_name	inotify10 inotify10
649	inotify11	PASS	initial_full_campaign	results/20260822T034337Z-firemarshal-qemu-br-crun-ltp-0/nacc-ltp-crun-results.tsv	649	line_no_and_name	inotify11 inotify11
650	inotify12	PASS	initial_full_campaign	results/20260822T034337Z-firemarshal-qemu-br-crun-ltp-0/nacc-ltp-crun-results.tsv	650	line_no_and_name	inotify12 inotify12
652	fanotify01	PASS	initial_full_campaign	results/20260822T034337Z-firemarshal-qemu-br-crun-ltp-0/nacc-ltp-crun-results.tsv	652	line_no_and_name	fanotify01 fanotify01
653	fanotify02	PASS	initial_full_campaign	results/20260822T034337Z-firemarshal-qemu-br-crun-ltp-0/nacc-ltp-crun-results.tsv	653	line_no_and_name	fanotify02 fanotify02
654	fanotify03	PASS	initial_full_campaign	results/20260822T034337Z-firemarshal-qemu-br-crun-ltp-0/nacc-ltp-crun-results.tsv	654	line_no_and_name	fanotify03 fanotify03
655	fanotify04	PASS	initial_full_campaign	results/20260822T034337Z-firemarshal-qemu-br-crun-ltp-0/nacc-ltp-crun-results.tsv	655	line_no_and_name	fanotify04 fanotify04
656	fanotify05	PASS	initial_full_campaign	results/20260822T034337Z-firemarshal-qemu-br-crun-ltp-0/nacc-ltp-crun-results.tsv	656	line_no_and_name	fanotify05 fanotify05
657	fanotify06	PASS	initial_full_campaign	results/20260822T034337Z-firemarshal-qemu-br-crun-ltp-0/nacc-ltp-crun-results.tsv	657	line_no_and_name	fanotify06 fanotify06
658	fanotify07	PASS	initial_full_campaign	results/20260822T034337Z-firemarshal-qemu-br-crun-ltp-0/nacc-ltp-crun-results.tsv	658	line_no_and_name	fanotify07 fanotify07
659	fanotify08	PASS	initial_full_campaign	results/20260822T034337Z-firemarshal-qemu-br-crun-ltp-0/nacc-ltp-crun-results.tsv	659	line_no_and_name	fanotify08 fanotify08
660	fanotify09	PASS	initial_full_campaign	results/20260822T034337Z-firemarshal-qemu-br-crun-ltp-0/nacc-ltp-crun-results.tsv	660	line_no_and_name	fanotify09 fanotify09
661	fanotify10	PASS	initial_full_campaign	results/20260822T034337Z-firemarshal-qemu-br-crun-ltp-0/nacc-ltp-crun-results.tsv	661	line_no_and_name	fanotify10 fanotify10
662	fanotify11	PASS	initial_full_campaign	results/20260822T034337Z-firemarshal-qemu-br-crun-ltp-0/nacc-ltp-crun-results.tsv	662	line_no_and_name	fanotify11 fanotify11
663	fanotify12	PASS	initial_full_campaign	results/20260822T034337Z-firemarshal-qemu-br-crun-ltp-0/nacc-ltp-crun-results.tsv	663	line_no_and_name	fanotify12 fanotify12
665	fanotify14	PASS	initial_full_campaign	results/20260822T034337Z-firemarshal-qemu-br-crun-ltp-0/nacc-ltp-crun-results.tsv	665	line_no_and_name	fanotify14 fanotify14
666	fanotify15	PASS	initial_full_campaign	results/20260822T034337Z-firemarshal-qemu-br-crun-ltp-0/nacc-ltp-crun-results.tsv	666	line_no_and_name	fanotify15 fanotify15
667	fanotify16	PASS	initial_full_campaign	results/20260822T034337Z-firemarshal-qemu-br-crun-ltp-0/nacc-ltp-crun-results.tsv	667	line_no_and_name	fanotify16 fanotify16
668	fanotify17	PASS	initial_full_campaign	results/20260822T034337Z-firemarshal-qemu-br-crun-ltp-0/nacc-ltp-crun-results.tsv	668	line_no_and_name	fanotify17 fanotify17
669	fanotify18	PASS	initial_full_campaign	results/20260822T034337Z-firemarshal-qemu-br-crun-ltp-0/nacc-ltp-crun-results.tsv	669	line_no_and_name	fanotify18 fanotify18
670	fanotify19	PASS	initial_full_campaign	results/20260822T034337Z-firemarshal-qemu-br-crun-ltp-0/nacc-ltp-crun-results.tsv	670	line_no_and_name	fanotify19 fanotify19
671	fanotify20	PASS	initial_full_campaign	results/20260822T034337Z-firemarshal-qemu-br-crun-ltp-0/nacc-ltp-crun-results.tsv	671	line_no_and_name	fanotify20 fanotify20
672	fanotify21	PASS	initial_full_campaign	results/20260822T034337Z-firemarshal-qemu-br-crun-ltp-0/nacc-ltp-crun-results.tsv	672	line_no_and_name	fanotify21 fanotify21
673	fanotify22	PASS	initial_full_campaign	results/20260822T034337Z-firemarshal-qemu-br-crun-ltp-0/nacc-ltp-crun-results.tsv	673	line_no_and_name	fanotify22 fanotify22
674	fanotify23	PASS	initial_full_campaign	results/20260822T034337Z-firemarshal-qemu-br-crun-ltp-0/nacc-ltp-crun-results.tsv	674	line_no_and_name	fanotify23 fanotify23
676	fanotify25	PASS	initial_full_campaign	results/20260822T034337Z-firemarshal-qemu-br-crun-ltp-0/nacc-ltp-crun-results.tsv	676	line_no_and_name	fanotify25 fanotify25
684	ioprio_get01	PASS	initial_full_campaign	results/20260822T034337Z-firemarshal-qemu-br-crun-ltp-0/nacc-ltp-crun-results.tsv	684	line_no_and_name	ioprio_get01 ioprio_get01
685	ioprio_set01	PASS	initial_full_campaign	results/20260822T034337Z-firemarshal-qemu-br-crun-ltp-0/nacc-ltp-crun-results.tsv	685	line_no_and_name	ioprio_set01 ioprio_set01
686	ioprio_set02	PASS	initial_full_campaign	results/20260822T034337Z-firemarshal-qemu-br-crun-ltp-0/nacc-ltp-crun-results.tsv	686	line_no_and_name	ioprio_set02 ioprio_set02
687	ioprio_set03	PASS	initial_full_campaign	results/20260822T034337Z-firemarshal-qemu-br-crun-ltp-0/nacc-ltp-crun-results.tsv	687	line_no_and_name	ioprio_set03 ioprio_set03
689	io_cancel01	PASS	initial_full_campaign	results/20260822T034337Z-firemarshal-qemu-br-crun-ltp-0/nacc-ltp-crun-results.tsv	689	line_no_and_name	io_cancel01 io_cancel01
690	io_cancel02	PASS	initial_full_campaign	results/20260822T034337Z-firemarshal-qemu-br-crun-ltp-0/nacc-ltp-crun-results.tsv	690	line_no_and_name	io_cancel02 io_cancel02
691	io_destroy01	PASS	initial_full_campaign	results/20260822T034337Z-firemarshal-qemu-br-crun-ltp-0/nacc-ltp-crun-results.tsv	691	line_no_and_name	io_destroy01 io_destroy01
692	io_destroy02	PASS	initial_full_campaign	results/20260822T034337Z-firemarshal-qemu-br-crun-ltp-0/nacc-ltp-crun-results.tsv	692	line_no_and_name	io_destroy02 io_destroy02
693	io_getevents01	PASS	initial_full_campaign	results/20260822T034337Z-firemarshal-qemu-br-crun-ltp-0/nacc-ltp-crun-results.tsv	693	line_no_and_name	io_getevents01 io_getevents01
694	io_getevents02	PASS	initial_full_campaign	results/20260822T034337Z-firemarshal-qemu-br-crun-ltp-0/nacc-ltp-crun-results.tsv	694	line_no_and_name	io_getevents02 io_getevents02
696	io_pgetevents01	PASS	initial_full_campaign	results/20260822T034337Z-firemarshal-qemu-br-crun-ltp-0/nacc-ltp-crun-results.tsv	696	line_no_and_name	io_pgetevents01 io_pgetevents01
697	io_pgetevents02	PASS	initial_full_campaign	results/20260822T034337Z-firemarshal-qemu-br-crun-ltp-0/nacc-ltp-crun-results.tsv	697	line_no_and_name	io_pgetevents02 io_pgetevents02
699	io_setup01	PASS	initial_full_campaign	results/20260822T034337Z-firemarshal-qemu-br-crun-ltp-0/nacc-ltp-crun-results.tsv	699	line_no_and_name	io_setup01 io_setup01
700	io_setup02	PASS	initial_full_campaign	results/20260822T034337Z-firemarshal-qemu-br-crun-ltp-0/nacc-ltp-crun-results.tsv	700	line_no_and_name	io_setup02 io_setup02
701	io_submit01	PASS	initial_full_campaign	results/20260822T034337Z-firemarshal-qemu-br-crun-ltp-0/nacc-ltp-crun-results.tsv	701	line_no_and_name	io_submit01 io_submit01
702	io_submit02	PASS	initial_full_campaign	results/20260822T034337Z-firemarshal-qemu-br-crun-ltp-0/nacc-ltp-crun-results.tsv	702	line_no_and_name	io_submit02 io_submit02
703	io_submit03	PASS	initial_full_campaign	results/20260822T034337Z-firemarshal-qemu-br-crun-ltp-0/nacc-ltp-crun-results.tsv	703	line_no_and_name	io_submit03 io_submit03
704	io_submit04	PASS	initial_full_campaign	results/20260822T034337Z-firemarshal-qemu-br-crun-ltp-0/nacc-ltp-crun-results.tsv	704	line_no_and_name	io_submit04 io_submit04
706	keyctl01	PASS	initial_full_campaign	results/20260822T034337Z-firemarshal-qemu-br-crun-ltp-0/nacc-ltp-crun-results.tsv	706	line_no_and_name	keyctl01 keyctl01
707	keyctl02	PASS	initial_full_campaign	results/20260822T034337Z-firemarshal-qemu-br-crun-ltp-0/nacc-ltp-crun-results.tsv	707	line_no_and_name	keyctl02 keyctl02
708	keyctl03	PASS	initial_full_campaign	results/20260822T034337Z-firemarshal-qemu-br-crun-ltp-0/nacc-ltp-crun-results.tsv	708	line_no_and_name	keyctl03 keyctl03
709	keyctl04	PASS	initial_full_campaign	results/20260822T034337Z-firemarshal-qemu-br-crun-ltp-0/nacc-ltp-crun-results.tsv	709	line_no_and_name	keyctl04 keyctl04
710	keyctl05	PASS	environment_recovery	results/20260823T153839Z-firemarshal-qemu-br-crun-ltp-0/nacc-ltp-crun-pass-entries.tsv	710	line_no_and_name	keyctl05 keyctl05
711	keyctl06	PASS	initial_full_campaign	results/20260822T034337Z-firemarshal-qemu-br-crun-ltp-0/nacc-ltp-crun-results.tsv	711	line_no_and_name	keyctl06 keyctl06
712	keyctl07	PASS	initial_full_campaign	results/20260822T034337Z-firemarshal-qemu-br-crun-ltp-0/nacc-ltp-crun-results.tsv	712	line_no_and_name	keyctl07 keyctl07
713	keyctl08	PASS	initial_full_campaign	results/20260822T034337Z-firemarshal-qemu-br-crun-ltp-0/nacc-ltp-crun-results.tsv	713	line_no_and_name	keyctl08 keyctl08
714	keyctl09	PASS	initial_full_campaign	results/20260822T034337Z-firemarshal-qemu-br-crun-ltp-0/nacc-ltp-crun-results.tsv	714	line_no_and_name	keyctl09 keyctl09
716	kcmp01	PASS	initial_full_campaign	results/20260822T034337Z-firemarshal-qemu-br-crun-ltp-0/nacc-ltp-crun-results.tsv	716	line_no_and_name	kcmp01 kcmp01
717	kcmp02	PASS	initial_full_campaign	results/20260822T034337Z-firemarshal-qemu-br-crun-ltp-0/nacc-ltp-crun-results.tsv	717	line_no_and_name	kcmp02 kcmp02
718	kcmp03	PASS	initial_full_campaign	results/20260822T034337Z-firemarshal-qemu-br-crun-ltp-0/nacc-ltp-crun-results.tsv	718	line_no_and_name	kcmp03 kcmp03
720	kill02	PASS	initial_full_campaign	results/20260822T034337Z-firemarshal-qemu-br-crun-ltp-0/nacc-ltp-crun-results.tsv	720	line_no_and_name	kill02 kill02
721	kill03	PASS	initial_full_campaign	results/20260822T034337Z-firemarshal-qemu-br-crun-ltp-0/nacc-ltp-crun-results.tsv	721	line_no_and_name	kill03 kill03
722	kill05	PASS	initial_full_campaign	results/20260822T034337Z-firemarshal-qemu-br-crun-ltp-0/nacc-ltp-crun-results.tsv	722	line_no_and_name	kill05 kill05
723	kill06	PASS	initial_full_campaign	results/20260822T034337Z-firemarshal-qemu-br-crun-ltp-0/nacc-ltp-crun-results.tsv	723	line_no_and_name	kill06 kill06
724	kill08	PASS	initial_full_campaign	results/20260822T034337Z-firemarshal-qemu-br-crun-ltp-0/nacc-ltp-crun-results.tsv	724	line_no_and_name	kill08 kill08
725	kill10	PASS	initial_full_campaign	results/20260822T034337Z-firemarshal-qemu-br-crun-ltp-0/nacc-ltp-crun-results.tsv	725	line_no_and_name	kill10 kill10
726	kill11	PASS	initial_full_campaign	results/20260822T034337Z-firemarshal-qemu-br-crun-ltp-0/nacc-ltp-crun-results.tsv	726	line_no_and_name	kill11 kill11
727	kill12	PASS	initial_full_campaign	results/20260822T034337Z-firemarshal-qemu-br-crun-ltp-0/nacc-ltp-crun-results.tsv	727	line_no_and_name	kill12 kill12
730	landlock01	PASS	initial_full_campaign	results/20260822T034337Z-firemarshal-qemu-br-crun-ltp-0/nacc-ltp-crun-results.tsv	730	line_no_and_name	landlock01 landlock01
731	landlock02	PASS	initial_full_campaign	results/20260822T034337Z-firemarshal-qemu-br-crun-ltp-0/nacc-ltp-crun-results.tsv	731	line_no_and_name	landlock02 landlock02
732	landlock03	PASS	initial_full_campaign	results/20260822T034337Z-firemarshal-qemu-br-crun-ltp-0/nacc-ltp-crun-results.tsv	732	line_no_and_name	landlock03 landlock03
733	landlock04	PASS	initial_full_campaign	results/20260822T034337Z-firemarshal-qemu-br-crun-ltp-0/nacc-ltp-crun-results.tsv	733	line_no_and_name	landlock04 landlock04
734	landlock05	PASS	initial_full_campaign	results/20260822T034337Z-firemarshal-qemu-br-crun-ltp-0/nacc-ltp-crun-results.tsv	734	line_no_and_name	landlock05 landlock05
741	lchown01	PASS	initial_full_campaign	results/20260822T034337Z-firemarshal-qemu-br-crun-ltp-0/nacc-ltp-crun-results.tsv	741	line_no_and_name	lchown01 lchown01
742	lchown01_16	PASS	initial_full_campaign	results/20260822T034337Z-firemarshal-qemu-br-crun-ltp-0/nacc-ltp-crun-results.tsv	742	line_no_and_name	lchown01_16 lchown01_16
743	lchown02	PASS	initial_full_campaign	results/20260822T034337Z-firemarshal-qemu-br-crun-ltp-0/nacc-ltp-crun-results.tsv	743	line_no_and_name	lchown02  lchown02
744	lchown02_16	PASS	initial_full_campaign	results/20260822T034337Z-firemarshal-qemu-br-crun-ltp-0/nacc-ltp-crun-results.tsv	744	line_no_and_name	lchown02_16 lchown02_16
746	lgetxattr01	PASS	initial_full_campaign	results/20260822T034337Z-firemarshal-qemu-br-crun-ltp-0/nacc-ltp-crun-results.tsv	746	line_no_and_name	lgetxattr01 lgetxattr01
747	lgetxattr02	PASS	initial_full_campaign	results/20260822T034337Z-firemarshal-qemu-br-crun-ltp-0/nacc-ltp-crun-results.tsv	747	line_no_and_name	lgetxattr02 lgetxattr02
749	link02	PASS	initial_full_campaign	results/20260822T034337Z-firemarshal-qemu-br-crun-ltp-0/nacc-ltp-crun-results.tsv	749	line_no_and_name	link02 link02
750	link04	PASS	initial_full_campaign	results/20260822T034337Z-firemarshal-qemu-br-crun-ltp-0/nacc-ltp-crun-results.tsv	750	line_no_and_name	link04 link04
751	link05	PASS	initial_full_campaign	results/20260822T034337Z-firemarshal-qemu-br-crun-ltp-0/nacc-ltp-crun-results.tsv	751	line_no_and_name	link05 link05
752	link08	PASS	initial_full_campaign	results/20260822T034337Z-firemarshal-qemu-br-crun-ltp-0/nacc-ltp-crun-results.tsv	752	line_no_and_name	link08 link08
755	linkat01	PASS	initial_full_campaign	results/20260822T034337Z-firemarshal-qemu-br-crun-ltp-0/nacc-ltp-crun-results.tsv	755	line_no_and_name	linkat01 linkat01
756	linkat02	PASS	initial_full_campaign	results/20260822T034337Z-firemarshal-qemu-br-crun-ltp-0/nacc-ltp-crun-results.tsv	756	line_no_and_name	linkat02 linkat02
758	listen01	PASS	initial_full_campaign	results/20260822T034337Z-firemarshal-qemu-br-crun-ltp-0/nacc-ltp-crun-results.tsv	758	line_no_and_name	listen01 listen01
765	listxattr01	PASS	initial_full_campaign	results/20260822T034337Z-firemarshal-qemu-br-crun-ltp-0/nacc-ltp-crun-results.tsv	765	line_no_and_name	listxattr01 listxattr01
766	listxattr02	PASS	initial_full_campaign	results/20260822T034337Z-firemarshal-qemu-br-crun-ltp-0/nacc-ltp-crun-results.tsv	766	line_no_and_name	listxattr02 listxattr02
767	listxattr03	PASS	initial_full_campaign	results/20260822T034337Z-firemarshal-qemu-br-crun-ltp-0/nacc-ltp-crun-results.tsv	767	line_no_and_name	listxattr03 listxattr03
768	listxattr04	PASS	environment_recovery	results/20260823T153839Z-firemarshal-qemu-br-crun-ltp-0/nacc-ltp-crun-pass-entries.tsv	768	line_no_and_name	listxattr04 listxattr04
770	llistxattr01	PASS	initial_full_campaign	results/20260822T034337Z-firemarshal-qemu-br-crun-ltp-0/nacc-ltp-crun-results.tsv	770	line_no_and_name	llistxattr01 llistxattr01
771	llistxattr02	PASS	initial_full_campaign	results/20260822T034337Z-firemarshal-qemu-br-crun-ltp-0/nacc-ltp-crun-results.tsv	771	line_no_and_name	llistxattr02 llistxattr02
772	llistxattr03	PASS	initial_full_campaign	results/20260822T034337Z-firemarshal-qemu-br-crun-ltp-0/nacc-ltp-crun-results.tsv	772	line_no_and_name	llistxattr03 llistxattr03
774	llseek01	PASS	initial_full_campaign	results/20260822T034337Z-firemarshal-qemu-br-crun-ltp-0/nacc-ltp-crun-results.tsv	774	line_no_and_name	llseek01 llseek01
775	llseek02	PASS	initial_full_campaign	results/20260822T034337Z-firemarshal-qemu-br-crun-ltp-0/nacc-ltp-crun-results.tsv	775	line_no_and_name	llseek02 llseek02
776	llseek03	PASS	initial_full_campaign	results/20260822T034337Z-firemarshal-qemu-br-crun-ltp-0/nacc-ltp-crun-results.tsv	776	line_no_and_name	llseek03 llseek03
778	lremovexattr01	PASS	initial_full_campaign	results/20260822T034337Z-firemarshal-qemu-br-crun-ltp-0/nacc-ltp-crun-results.tsv	778	line_no_and_name	lremovexattr01 lremovexattr01
780	lseek01	PASS	initial_full_campaign	results/20260822T034337Z-firemarshal-qemu-br-crun-ltp-0/nacc-ltp-crun-results.tsv	780	line_no_and_name	lseek01 lseek01
781	lseek02	PASS	initial_full_campaign	results/20260822T034337Z-firemarshal-qemu-br-crun-ltp-0/nacc-ltp-crun-results.tsv	781	line_no_and_name	lseek02 lseek02
782	lseek07	PASS	initial_full_campaign	results/20260822T034337Z-firemarshal-qemu-br-crun-ltp-0/nacc-ltp-crun-results.tsv	782	line_no_and_name	lseek07 lseek07
783	lseek11	PASS	initial_full_campaign	results/20260822T034337Z-firemarshal-qemu-br-crun-ltp-0/nacc-ltp-crun-results.tsv	783	line_no_and_name	lseek11 lseek11
792	lstat01	PASS	initial_full_campaign	results/20260822T034337Z-firemarshal-qemu-br-crun-ltp-0/nacc-ltp-crun-results.tsv	792	line_no_and_name	lstat01 lstat01
793	lstat01_64	PASS	initial_full_campaign	results/20260822T034337Z-firemarshal-qemu-br-crun-ltp-0/nacc-ltp-crun-results.tsv	793	line_no_and_name	lstat01_64 lstat01_64
794	lstat02	PASS	initial_full_campaign	results/20260822T034337Z-firemarshal-qemu-br-crun-ltp-0/nacc-ltp-crun-results.tsv	794	line_no_and_name	lstat02 lstat02
795	lstat02_64	PASS	initial_full_campaign	results/20260822T034337Z-firemarshal-qemu-br-crun-ltp-0/nacc-ltp-crun-results.tsv	795	line_no_and_name	lstat02_64 lstat02_64
796	lstat03	PASS	initial_full_campaign	results/20260822T034337Z-firemarshal-qemu-br-crun-ltp-0/nacc-ltp-crun-results.tsv	796	line_no_and_name	lstat03 lstat03
797	lstat03_64	PASS	initial_full_campaign	results/20260822T034337Z-firemarshal-qemu-br-crun-ltp-0/nacc-ltp-crun-results.tsv	797	line_no_and_name	lstat03_64 lstat03_64
799	mallinfo02	PASS	initial_full_campaign	results/20260822T034337Z-firemarshal-qemu-br-crun-ltp-0/nacc-ltp-crun-results.tsv	799	line_no_and_name	mallinfo02 mallinfo02
801	mallinfo2_01	PASS	initial_full_campaign	results/20260822T034337Z-firemarshal-qemu-br-crun-ltp-0/nacc-ltp-crun-results.tsv	801	line_no_and_name	mallinfo2_01 mallinfo2_01
803	mallopt01	PASS	initial_full_campaign	results/20260822T034337Z-firemarshal-qemu-br-crun-ltp-0/nacc-ltp-crun-results.tsv	803	line_no_and_name	mallopt01 mallopt01
805	mbind01	PASS	initial_full_campaign	results/20260822T034337Z-firemarshal-qemu-br-crun-ltp-0/nacc-ltp-crun-results.tsv	805	line_no_and_name	mbind01 mbind01
810	memset01	PASS	initial_full_campaign	results/20260822T034337Z-firemarshal-qemu-br-crun-ltp-0/nacc-ltp-crun-results.tsv	810	line_no_and_name	memset01 memset01
811	memcmp01	PASS	initial_full_campaign	results/20260822T034337Z-firemarshal-qemu-br-crun-ltp-0/nacc-ltp-crun-results.tsv	811	line_no_and_name	memcmp01 memcmp01
812	memcpy01	PASS	initial_full_campaign	results/20260822T034337Z-firemarshal-qemu-br-crun-ltp-0/nacc-ltp-crun-results.tsv	812	line_no_and_name	memcpy01 memcpy01
814	migrate_pages01	PASS	initial_full_campaign	results/20260822T034337Z-firemarshal-qemu-br-crun-ltp-0/nacc-ltp-crun-results.tsv	814	line_no_and_name	migrate_pages01 migrate_pages01
818	mlockall01	PASS	initial_full_campaign	results/20260822T034337Z-firemarshal-qemu-br-crun-ltp-0/nacc-ltp-crun-results.tsv	818	line_no_and_name	mlockall01 mlockall01
819	mlockall02	PASS	initial_full_campaign	results/20260822T034337Z-firemarshal-qemu-br-crun-ltp-0/nacc-ltp-crun-results.tsv	819	line_no_and_name	mlockall02 mlockall02
820	mlockall03	PASS	initial_full_campaign	results/20260822T034337Z-firemarshal-qemu-br-crun-ltp-0/nacc-ltp-crun-results.tsv	820	line_no_and_name	mlockall03 mlockall03
822	mkdir02	PASS	initial_full_campaign	results/20260822T034337Z-firemarshal-qemu-br-crun-ltp-0/nacc-ltp-crun-results.tsv	822	line_no_and_name	mkdir02 mkdir02
823	mkdir03	PASS	initial_full_campaign	results/20260822T034337Z-firemarshal-qemu-br-crun-ltp-0/nacc-ltp-crun-results.tsv	823	line_no_and_name	mkdir03 mkdir03
824	mkdir04	PASS	initial_full_campaign	results/20260822T034337Z-firemarshal-qemu-br-crun-ltp-0/nacc-ltp-crun-results.tsv	824	line_no_and_name	mkdir04 mkdir04
825	mkdir05	PASS	initial_full_campaign	results/20260822T034337Z-firemarshal-qemu-br-crun-ltp-0/nacc-ltp-crun-results.tsv	825	line_no_and_name	mkdir05 mkdir05
826	mkdir09	PASS	initial_full_campaign	results/20260822T034337Z-firemarshal-qemu-br-crun-ltp-0/nacc-ltp-crun-results.tsv	826	line_no_and_name	mkdir09 mkdir09
829	mkdirat01	PASS	initial_full_campaign	results/20260822T034337Z-firemarshal-qemu-br-crun-ltp-0/nacc-ltp-crun-results.tsv	829	line_no_and_name	mkdirat01 mkdirat01
830	mkdirat02	PASS	initial_full_campaign	results/20260822T034337Z-firemarshal-qemu-br-crun-ltp-0/nacc-ltp-crun-results.tsv	830	line_no_and_name	mkdirat02 mkdirat02
832	mknod01	PASS	initial_full_campaign	results/20260822T034337Z-firemarshal-qemu-br-crun-ltp-0/nacc-ltp-crun-results.tsv	832	line_no_and_name	mknod01 mknod01
833	mknod02	PASS	initial_full_campaign	results/20260822T034337Z-firemarshal-qemu-br-crun-ltp-0/nacc-ltp-crun-results.tsv	833	line_no_and_name	mknod02 mknod02
834	mknod03	PASS	initial_full_campaign	results/20260822T034337Z-firemarshal-qemu-br-crun-ltp-0/nacc-ltp-crun-results.tsv	834	line_no_and_name	mknod03 mknod03
835	mknod04	PASS	initial_full_campaign	results/20260822T034337Z-firemarshal-qemu-br-crun-ltp-0/nacc-ltp-crun-results.tsv	835	line_no_and_name	mknod04 mknod04
836	mknod05	PASS	initial_full_campaign	results/20260822T034337Z-firemarshal-qemu-br-crun-ltp-0/nacc-ltp-crun-results.tsv	836	line_no_and_name	mknod05 mknod05
837	mknod06	PASS	initial_full_campaign	results/20260822T034337Z-firemarshal-qemu-br-crun-ltp-0/nacc-ltp-crun-results.tsv	837	line_no_and_name	mknod06 mknod06
838	mknod07	PASS	initial_full_campaign	results/20260822T034337Z-firemarshal-qemu-br-crun-ltp-0/nacc-ltp-crun-results.tsv	838	line_no_and_name	mknod07 mknod07
839	mknod08	PASS	initial_full_campaign	results/20260822T034337Z-firemarshal-qemu-br-crun-ltp-0/nacc-ltp-crun-results.tsv	839	line_no_and_name	mknod08 mknod08
840	mknod09	PASS	initial_full_campaign	results/20260822T034337Z-firemarshal-qemu-br-crun-ltp-0/nacc-ltp-crun-results.tsv	840	line_no_and_name	mknod09 mknod09
843	mknodat01	PASS	initial_full_campaign	results/20260822T034337Z-firemarshal-qemu-br-crun-ltp-0/nacc-ltp-crun-results.tsv	843	line_no_and_name	mknodat01 mknodat01
844	mknodat02	PASS	initial_full_campaign	results/20260822T034337Z-firemarshal-qemu-br-crun-ltp-0/nacc-ltp-crun-results.tsv	844	line_no_and_name	mknodat02 mknodat02
846	mlock01	PASS	initial_full_campaign	results/20260822T034337Z-firemarshal-qemu-br-crun-ltp-0/nacc-ltp-crun-results.tsv	846	line_no_and_name	mlock01 mlock01
847	mlock02	PASS	initial_full_campaign	results/20260822T034337Z-firemarshal-qemu-br-crun-ltp-0/nacc-ltp-crun-results.tsv	847	line_no_and_name	mlock02 mlock02
848	mlock03	PASS	initial_full_campaign	results/20260822T034337Z-firemarshal-qemu-br-crun-ltp-0/nacc-ltp-crun-results.tsv	848	line_no_and_name	mlock03 mlock03 -i 20
849	mlock04	PASS	initial_full_campaign	results/20260822T034337Z-firemarshal-qemu-br-crun-ltp-0/nacc-ltp-crun-results.tsv	849	line_no_and_name	mlock04 mlock04
850	mlock05	PASS	initial_full_campaign	results/20260822T034337Z-firemarshal-qemu-br-crun-ltp-0/nacc-ltp-crun-results.tsv	850	line_no_and_name	mlock05 mlock05
852	mlock201	PASS	initial_full_campaign	results/20260822T034337Z-firemarshal-qemu-br-crun-ltp-0/nacc-ltp-crun-results.tsv	852	line_no_and_name	mlock201 mlock201
853	mlock202	PASS	initial_full_campaign	results/20260822T034337Z-firemarshal-qemu-br-crun-ltp-0/nacc-ltp-crun-results.tsv	853	line_no_and_name	mlock202 mlock202
854	mlock203	PASS	initial_full_campaign	results/20260822T034337Z-firemarshal-qemu-br-crun-ltp-0/nacc-ltp-crun-results.tsv	854	line_no_and_name	mlock203 mlock203
856	mmap01	PASS	initial_full_campaign	results/20260822T034337Z-firemarshal-qemu-br-crun-ltp-0/nacc-ltp-crun-results.tsv	856	line_no_and_name	mmap01 mmap01
857	mmap02	PASS	initial_full_campaign	results/20260822T034337Z-firemarshal-qemu-br-crun-ltp-0/nacc-ltp-crun-results.tsv	857	line_no_and_name	mmap02 mmap02
858	mmap03	PASS	initial_full_campaign	results/20260822T034337Z-firemarshal-qemu-br-crun-ltp-0/nacc-ltp-crun-results.tsv	858	line_no_and_name	mmap03 mmap03
859	mmap04	PASS	initial_full_campaign	results/20260822T034337Z-firemarshal-qemu-br-crun-ltp-0/nacc-ltp-crun-results.tsv	859	line_no_and_name	mmap04 mmap04
860	mmap05	PASS	initial_full_campaign	results/20260822T034337Z-firemarshal-qemu-br-crun-ltp-0/nacc-ltp-crun-results.tsv	860	line_no_and_name	mmap05 mmap05
861	mmap06	PASS	initial_full_campaign	results/20260822T034337Z-firemarshal-qemu-br-crun-ltp-0/nacc-ltp-crun-results.tsv	861	line_no_and_name	mmap06 mmap06
862	mmap08	PASS	initial_full_campaign	results/20260822T034337Z-firemarshal-qemu-br-crun-ltp-0/nacc-ltp-crun-results.tsv	862	line_no_and_name	mmap08 mmap08
863	mmap09	PASS	initial_full_campaign	results/20260822T034337Z-firemarshal-qemu-br-crun-ltp-0/nacc-ltp-crun-results.tsv	863	line_no_and_name	mmap09 mmap09
864	mmap12	PASS	initial_full_campaign	results/20260822T034337Z-firemarshal-qemu-br-crun-ltp-0/nacc-ltp-crun-results.tsv	864	line_no_and_name	mmap12 mmap12
865	mmap13	PASS	initial_full_campaign	results/20260822T034337Z-firemarshal-qemu-br-crun-ltp-0/nacc-ltp-crun-results.tsv	865	line_no_and_name	mmap13 mmap13
866	mmap14	PASS	initial_full_campaign	results/20260822T034337Z-firemarshal-qemu-br-crun-ltp-0/nacc-ltp-crun-results.tsv	866	line_no_and_name	mmap14 mmap14
869	mmap15	PASS	initial_full_campaign	results/20260822T034337Z-firemarshal-qemu-br-crun-ltp-0/nacc-ltp-crun-results.tsv	869	line_no_and_name	mmap15 mmap15
870	mmap16	PASS	initial_full_campaign	results/20260822T034337Z-firemarshal-qemu-br-crun-ltp-0/nacc-ltp-crun-results.tsv	870	line_no_and_name	mmap16 mmap16
871	mmap17	PASS	initial_full_campaign	results/20260822T034337Z-firemarshal-qemu-br-crun-ltp-0/nacc-ltp-crun-results.tsv	871	line_no_and_name	mmap17 mmap17
872	mmap18	PASS	initial_full_campaign	results/20260822T034337Z-firemarshal-qemu-br-crun-ltp-0/nacc-ltp-crun-results.tsv	872	line_no_and_name	mmap18 mmap18
873	mmap19	PASS	initial_full_campaign	results/20260822T034337Z-firemarshal-qemu-br-crun-ltp-0/nacc-ltp-crun-results.tsv	873	line_no_and_name	mmap19 mmap19
874	mmap20	PASS	initial_full_campaign	results/20260822T034337Z-firemarshal-qemu-br-crun-ltp-0/nacc-ltp-crun-results.tsv	874	line_no_and_name	mmap20 mmap20
875	mmap21_01	PASS	initial_full_campaign	results/20260822T034337Z-firemarshal-qemu-br-crun-ltp-0/nacc-ltp-crun-results.tsv	875	line_no_and_name	mmap21_01 mmap21 -m 1
876	mmap21_02	PASS	initial_full_campaign	results/20260822T034337Z-firemarshal-qemu-br-crun-ltp-0/nacc-ltp-crun-results.tsv	876	line_no_and_name	mmap21_02 mmap21
882	mount01	PASS	initial_full_campaign	results/20260822T034337Z-firemarshal-qemu-br-crun-ltp-0/nacc-ltp-crun-results.tsv	882	line_no_and_name	mount01 mount01
883	mount02	PASS	initial_full_campaign	results/20260822T034337Z-firemarshal-qemu-br-crun-ltp-0/nacc-ltp-crun-results.tsv	883	line_no_and_name	mount02 mount02
884	mount03	PASS	initial_full_campaign	results/20260822T034337Z-firemarshal-qemu-br-crun-ltp-0/nacc-ltp-crun-results.tsv	884	line_no_and_name	mount03 mount03
885	mount04	PASS	initial_full_campaign	results/20260822T034337Z-firemarshal-qemu-br-crun-ltp-0/nacc-ltp-crun-results.tsv	885	line_no_and_name	mount04 mount04
886	mount05	PASS	initial_full_campaign	results/20260822T034337Z-firemarshal-qemu-br-crun-ltp-0/nacc-ltp-crun-results.tsv	886	line_no_and_name	mount05 mount05
887	mount06	PASS	initial_full_campaign	results/20260822T034337Z-firemarshal-qemu-br-crun-ltp-0/nacc-ltp-crun-results.tsv	887	line_no_and_name	mount06 mount06
888	mount07	PASS	initial_full_campaign	results/20260822T034337Z-firemarshal-qemu-br-crun-ltp-0/nacc-ltp-crun-results.tsv	888	line_no_and_name	mount07 mount07
891	mount_setattr01	PASS	initial_full_campaign	results/20260822T034337Z-firemarshal-qemu-br-crun-ltp-0/nacc-ltp-crun-results.tsv	891	line_no_and_name	mount_setattr01 mount_setattr01
892	mount_setattr02	PASS	initial_full_campaign	results/20260822T034337Z-firemarshal-qemu-br-crun-ltp-0/nacc-ltp-crun-results.tsv	892	line_no_and_name	mount_setattr02 mount_setattr02
894	move_mount01	PASS	initial_full_campaign	results/20260822T034337Z-firemarshal-qemu-br-crun-ltp-0/nacc-ltp-crun-results.tsv	894	line_no_and_name	move_mount01 move_mount01
895	move_mount02	PASS	initial_full_campaign	results/20260822T034337Z-firemarshal-qemu-br-crun-ltp-0/nacc-ltp-crun-results.tsv	895	line_no_and_name	move_mount02 move_mount02
896	move_mount03	PASS	initial_full_campaign	results/20260822T034337Z-firemarshal-qemu-br-crun-ltp-0/nacc-ltp-crun-results.tsv	896	line_no_and_name	move_mount03 move_mount03
910	mprotect01	PASS	initial_full_campaign	results/20260822T034337Z-firemarshal-qemu-br-crun-ltp-0/nacc-ltp-crun-results.tsv	910	line_no_and_name	mprotect01 mprotect01
911	mprotect02	PASS	initial_full_campaign	results/20260822T034337Z-firemarshal-qemu-br-crun-ltp-0/nacc-ltp-crun-results.tsv	911	line_no_and_name	mprotect02 mprotect02
912	mprotect03	PASS	initial_full_campaign	results/20260822T034337Z-firemarshal-qemu-br-crun-ltp-0/nacc-ltp-crun-results.tsv	912	line_no_and_name	mprotect03 mprotect03
913	mprotect04	PASS	initial_full_campaign	results/20260822T034337Z-firemarshal-qemu-br-crun-ltp-0/nacc-ltp-crun-results.tsv	913	line_no_and_name	mprotect04 mprotect04
914	mprotect05	PASS	initial_full_campaign	results/20260822T034337Z-firemarshal-qemu-br-crun-ltp-0/nacc-ltp-crun-results.tsv	914	line_no_and_name	mprotect05 mprotect05
918	mq_notify01	PASS	initial_full_campaign	results/20260822T034337Z-firemarshal-qemu-br-crun-ltp-0/nacc-ltp-crun-results.tsv	918	line_no_and_name	mq_notify01 mq_notify01
919	mq_notify02	PASS	initial_full_campaign	results/20260822T034337Z-firemarshal-qemu-br-crun-ltp-0/nacc-ltp-crun-results.tsv	919	line_no_and_name	mq_notify02 mq_notify02
920	mq_notify03	PASS	initial_full_campaign	results/20260822T034337Z-firemarshal-qemu-br-crun-ltp-0/nacc-ltp-crun-results.tsv	920	line_no_and_name	mq_notify03 mq_notify03
921	mq_open01	PASS	initial_full_campaign	results/20260822T034337Z-firemarshal-qemu-br-crun-ltp-0/nacc-ltp-crun-results.tsv	921	line_no_and_name	mq_open01 mq_open01
922	mq_timedreceive01	PASS	initial_full_campaign	results/20260822T034337Z-firemarshal-qemu-br-crun-ltp-0/nacc-ltp-crun-results.tsv	922	line_no_and_name	mq_timedreceive01 mq_timedreceive01
923	mq_timedsend01	PASS	initial_full_campaign	results/20260822T034337Z-firemarshal-qemu-br-crun-ltp-0/nacc-ltp-crun-results.tsv	923	line_no_and_name	mq_timedsend01 mq_timedsend01
924	mq_unlink01	PASS	initial_full_campaign	results/20260822T034337Z-firemarshal-qemu-br-crun-ltp-0/nacc-ltp-crun-results.tsv	924	line_no_and_name	mq_unlink01 mq_unlink01
926	mremap01	PASS	initial_full_campaign	results/20260822T034337Z-firemarshal-qemu-br-crun-ltp-0/nacc-ltp-crun-results.tsv	926	line_no_and_name	mremap01 mremap01
927	mremap02	PASS	initial_full_campaign	results/20260822T034337Z-firemarshal-qemu-br-crun-ltp-0/nacc-ltp-crun-results.tsv	927	line_no_and_name	mremap02 mremap02
928	mremap03	PASS	initial_full_campaign	results/20260822T034337Z-firemarshal-qemu-br-crun-ltp-0/nacc-ltp-crun-results.tsv	928	line_no_and_name	mremap03 mremap03
929	mremap04	PASS	initial_full_campaign	results/20260822T034337Z-firemarshal-qemu-br-crun-ltp-0/nacc-ltp-crun-results.tsv	929	line_no_and_name	mremap04 mremap04
930	mremap05	PASS	initial_full_campaign	results/20260822T034337Z-firemarshal-qemu-br-crun-ltp-0/nacc-ltp-crun-results.tsv	930	line_no_and_name	mremap05 mremap05
931	mremap06	PASS	initial_full_campaign	results/20260822T034337Z-firemarshal-qemu-br-crun-ltp-0/nacc-ltp-crun-results.tsv	931	line_no_and_name	mremap06 mremap06
932	mremap07	PASS	initial_full_campaign	results/20260822T034337Z-firemarshal-qemu-br-crun-ltp-0/nacc-ltp-crun-results.tsv	932	line_no_and_name	mremap07 mremap07
937	msgctl01	PASS	initial_full_campaign	results/20260822T034337Z-firemarshal-qemu-br-crun-ltp-0/nacc-ltp-crun-results.tsv	937	line_no_and_name	msgctl01 msgctl01
938	msgctl02	PASS	initial_full_campaign	results/20260822T034337Z-firemarshal-qemu-br-crun-ltp-0/nacc-ltp-crun-results.tsv	938	line_no_and_name	msgctl02 msgctl02
939	msgctl03	PASS	initial_full_campaign	results/20260822T034337Z-firemarshal-qemu-br-crun-ltp-0/nacc-ltp-crun-results.tsv	939	line_no_and_name	msgctl03 msgctl03
940	msgctl04	PASS	initial_full_campaign	results/20260822T034337Z-firemarshal-qemu-br-crun-ltp-0/nacc-ltp-crun-results.tsv	940	line_no_and_name	msgctl04 msgctl04
942	msgctl06	PASS	initial_full_campaign	results/20260822T034337Z-firemarshal-qemu-br-crun-ltp-0/nacc-ltp-crun-results.tsv	942	line_no_and_name	msgctl06 msgctl06
943	msgctl12	PASS	initial_full_campaign	results/20260822T034337Z-firemarshal-qemu-br-crun-ltp-0/nacc-ltp-crun-results.tsv	943	line_no_and_name	msgctl12 msgctl12
945	msgstress01	PASS	initial_full_campaign	results/20260822T034337Z-firemarshal-qemu-br-crun-ltp-0/nacc-ltp-crun-results.tsv	945	line_no_and_name	msgstress01 msgstress01
947	msgget01	PASS	initial_full_campaign	results/20260822T034337Z-firemarshal-qemu-br-crun-ltp-0/nacc-ltp-crun-results.tsv	947	line_no_and_name	msgget01 msgget01
948	msgget02	PASS	initial_full_campaign	results/20260822T034337Z-firemarshal-qemu-br-crun-ltp-0/nacc-ltp-crun-results.tsv	948	line_no_and_name	msgget02 msgget02
949	msgget03	PASS	initial_full_campaign	results/20260822T034337Z-firemarshal-qemu-br-crun-ltp-0/nacc-ltp-crun-results.tsv	949	line_no_and_name	msgget03 msgget03
950	msgget04	PASS	initial_full_campaign	results/20260822T034337Z-firemarshal-qemu-br-crun-ltp-0/nacc-ltp-crun-results.tsv	950	line_no_and_name	msgget04 msgget04
951	msgget05	PASS	initial_full_campaign	results/20260822T034337Z-firemarshal-qemu-br-crun-ltp-0/nacc-ltp-crun-results.tsv	951	line_no_and_name	msgget05 msgget05
953	msgrcv01	PASS	initial_full_campaign	results/20260822T034337Z-firemarshal-qemu-br-crun-ltp-0/nacc-ltp-crun-results.tsv	953	line_no_and_name	msgrcv01 msgrcv01
954	msgrcv02	PASS	initial_full_campaign	results/20260822T034337Z-firemarshal-qemu-br-crun-ltp-0/nacc-ltp-crun-results.tsv	954	line_no_and_name	msgrcv02 msgrcv02
955	msgrcv03	PASS	initial_full_campaign	results/20260822T034337Z-firemarshal-qemu-br-crun-ltp-0/nacc-ltp-crun-results.tsv	955	line_no_and_name	msgrcv03 msgrcv03
956	msgrcv05	PASS	initial_full_campaign	results/20260822T034337Z-firemarshal-qemu-br-crun-ltp-0/nacc-ltp-crun-results.tsv	956	line_no_and_name	msgrcv05 msgrcv05
957	msgrcv06	PASS	initial_full_campaign	results/20260822T034337Z-firemarshal-qemu-br-crun-ltp-0/nacc-ltp-crun-results.tsv	957	line_no_and_name	msgrcv06 msgrcv06
958	msgrcv07	PASS	initial_full_campaign	results/20260822T034337Z-firemarshal-qemu-br-crun-ltp-0/nacc-ltp-crun-results.tsv	958	line_no_and_name	msgrcv07 msgrcv07
959	msgrcv08	PASS	initial_full_campaign	results/20260822T034337Z-firemarshal-qemu-br-crun-ltp-0/nacc-ltp-crun-results.tsv	959	line_no_and_name	msgrcv08 msgrcv08
961	msgsnd01	PASS	initial_full_campaign	results/20260822T034337Z-firemarshal-qemu-br-crun-ltp-0/nacc-ltp-crun-results.tsv	961	line_no_and_name	msgsnd01 msgsnd01
962	msgsnd02	PASS	initial_full_campaign	results/20260822T034337Z-firemarshal-qemu-br-crun-ltp-0/nacc-ltp-crun-results.tsv	962	line_no_and_name	msgsnd02 msgsnd02
963	msgsnd05	PASS	initial_full_campaign	results/20260822T034337Z-firemarshal-qemu-br-crun-ltp-0/nacc-ltp-crun-results.tsv	963	line_no_and_name	msgsnd05 msgsnd05
964	msgsnd06	PASS	initial_full_campaign	results/20260822T034337Z-firemarshal-qemu-br-crun-ltp-0/nacc-ltp-crun-results.tsv	964	line_no_and_name	msgsnd06 msgsnd06
966	msync01	PASS	initial_full_campaign	results/20260822T034337Z-firemarshal-qemu-br-crun-ltp-0/nacc-ltp-crun-results.tsv	966	line_no_and_name	msync01 msync01
967	msync02	PASS	initial_full_campaign	results/20260822T034337Z-firemarshal-qemu-br-crun-ltp-0/nacc-ltp-crun-results.tsv	967	line_no_and_name	msync02 msync02
968	msync03	PASS	initial_full_campaign	results/20260822T034337Z-firemarshal-qemu-br-crun-ltp-0/nacc-ltp-crun-results.tsv	968	line_no_and_name	msync03 msync03
969	msync04	PASS	initial_full_campaign	results/20260822T034337Z-firemarshal-qemu-br-crun-ltp-0/nacc-ltp-crun-results.tsv	969	line_no_and_name	msync04 msync04
971	munlock01	PASS	initial_full_campaign	results/20260822T034337Z-firemarshal-qemu-br-crun-ltp-0/nacc-ltp-crun-results.tsv	971	line_no_and_name	munlock01 munlock01
972	munlock02	PASS	initial_full_campaign	results/20260822T034337Z-firemarshal-qemu-br-crun-ltp-0/nacc-ltp-crun-results.tsv	972	line_no_and_name	munlock02 munlock02
974	munlockall01	PASS	initial_full_campaign	results/20260822T034337Z-firemarshal-qemu-br-crun-ltp-0/nacc-ltp-crun-results.tsv	974	line_no_and_name	munlockall01 munlockall01
976	munmap01	PASS	initial_full_campaign	results/20260822T034337Z-firemarshal-qemu-br-crun-ltp-0/nacc-ltp-crun-results.tsv	976	line_no_and_name	munmap01 munmap01
977	munmap03	PASS	initial_full_campaign	results/20260822T034337Z-firemarshal-qemu-br-crun-ltp-0/nacc-ltp-crun-results.tsv	977	line_no_and_name	munmap03 munmap03
978	munmap04	PASS	initial_full_campaign	results/20260822T034337Z-firemarshal-qemu-br-crun-ltp-0/nacc-ltp-crun-results.tsv	978	line_no_and_name	munmap04 munmap04
980	nanosleep01	PASS	environment_recovery	results/20260823T153839Z-firemarshal-qemu-br-crun-ltp-0/nacc-ltp-crun-pass-entries.tsv	980	line_no_and_name	nanosleep01 nanosleep01
981	nanosleep02	PASS	initial_full_campaign	results/20260822T034337Z-firemarshal-qemu-br-crun-ltp-0/nacc-ltp-crun-results.tsv	981	line_no_and_name	nanosleep02 nanosleep02
982	nanosleep04	PASS	initial_full_campaign	results/20260822T034337Z-firemarshal-qemu-br-crun-ltp-0/nacc-ltp-crun-results.tsv	982	line_no_and_name	nanosleep04 nanosleep04
984	name_to_handle_at01	PASS	initial_full_campaign	results/20260822T034337Z-firemarshal-qemu-br-crun-ltp-0/nacc-ltp-crun-results.tsv	984	line_no_and_name	name_to_handle_at01 name_to_handle_at01
985	name_to_handle_at02	PASS	initial_full_campaign	results/20260822T034337Z-firemarshal-qemu-br-crun-ltp-0/nacc-ltp-crun-results.tsv	985	line_no_and_name	name_to_handle_at02 name_to_handle_at02
988	nftw01	PASS	initial_full_campaign	results/20260822T034337Z-firemarshal-qemu-br-crun-ltp-0/nacc-ltp-crun-results.tsv	988	line_no_and_name	nftw01 nftw01
989	nftw6401	PASS	initial_full_campaign	results/20260822T034337Z-firemarshal-qemu-br-crun-ltp-0/nacc-ltp-crun-results.tsv	989	line_no_and_name	nftw6401 nftw6401
991	nice01	PASS	initial_full_campaign	results/20260822T034337Z-firemarshal-qemu-br-crun-ltp-0/nacc-ltp-crun-results.tsv	991	line_no_and_name	nice01 nice01
992	nice02	PASS	initial_full_campaign	results/20260822T034337Z-firemarshal-qemu-br-crun-ltp-0/nacc-ltp-crun-results.tsv	992	line_no_and_name	nice02 nice02
993	nice03	PASS	initial_full_campaign	results/20260822T034337Z-firemarshal-qemu-br-crun-ltp-0/nacc-ltp-crun-results.tsv	993	line_no_and_name	nice03 nice03
994	nice04	PASS	capability_profile_recovery	results/20260823T235936Z-firemarshal-qemu-br-crun-ltp-0/nacc-ltp-crun-results.tsv	994	line_no_and_name	nice04 nice04
995	nice05	PASS	initial_full_campaign	results/20260822T034337Z-firemarshal-qemu-br-crun-ltp-0/nacc-ltp-crun-results.tsv	995	line_no_and_name	nice05 nice05
997	open01	PASS	initial_full_campaign	results/20260822T034337Z-firemarshal-qemu-br-crun-ltp-0/nacc-ltp-crun-results.tsv	997	line_no_and_name	open01 open01
998	open02	PASS	initial_full_campaign	results/20260822T034337Z-firemarshal-qemu-br-crun-ltp-0/nacc-ltp-crun-results.tsv	998	line_no_and_name	open02 open02
999	open03	PASS	initial_full_campaign	results/20260822T034337Z-firemarshal-qemu-br-crun-ltp-0/nacc-ltp-crun-results.tsv	999	line_no_and_name	open03 open03
1000	open04	PASS	initial_full_campaign	results/20260822T034337Z-firemarshal-qemu-br-crun-ltp-0/nacc-ltp-crun-results.tsv	1000	line_no_and_name	open04 open04
1001	open06	PASS	initial_full_campaign	results/20260822T034337Z-firemarshal-qemu-br-crun-ltp-0/nacc-ltp-crun-results.tsv	1001	line_no_and_name	open06 open06
1002	open07	PASS	initial_full_campaign	results/20260822T034337Z-firemarshal-qemu-br-crun-ltp-0/nacc-ltp-crun-results.tsv	1002	line_no_and_name	open07 open07
1003	open08	PASS	initial_full_campaign	results/20260822T034337Z-firemarshal-qemu-br-crun-ltp-0/nacc-ltp-crun-results.tsv	1003	line_no_and_name	open08 open08
1004	open09	PASS	initial_full_campaign	results/20260822T034337Z-firemarshal-qemu-br-crun-ltp-0/nacc-ltp-crun-results.tsv	1004	line_no_and_name	open09 open09
1005	open10	PASS	initial_full_campaign	results/20260822T034337Z-firemarshal-qemu-br-crun-ltp-0/nacc-ltp-crun-results.tsv	1005	line_no_and_name	open10 open10
1006	open11	PASS	initial_full_campaign	results/20260822T034337Z-firemarshal-qemu-br-crun-ltp-0/nacc-ltp-crun-results.tsv	1006	line_no_and_name	open11 open11
1007	open12	PASS	initial_full_campaign	results/20260822T034337Z-firemarshal-qemu-br-crun-ltp-0/nacc-ltp-crun-results.tsv	1007	line_no_and_name	open12 open12
1008	open13	PASS	initial_full_campaign	results/20260822T034337Z-firemarshal-qemu-br-crun-ltp-0/nacc-ltp-crun-results.tsv	1008	line_no_and_name	open13 open13
1009	open14	PASS	initial_full_campaign	results/20260822T034337Z-firemarshal-qemu-br-crun-ltp-0/nacc-ltp-crun-results.tsv	1009	line_no_and_name	open14 open14
1010	open15	PASS	initial_full_campaign	results/20260822T034337Z-firemarshal-qemu-br-crun-ltp-0/nacc-ltp-crun-results.tsv	1010	line_no_and_name	open15 open15
1012	openat01	PASS	initial_full_campaign	results/20260822T034337Z-firemarshal-qemu-br-crun-ltp-0/nacc-ltp-crun-results.tsv	1012	line_no_and_name	openat01 openat01
1013	openat02	PASS	initial_full_campaign	results/20260822T034337Z-firemarshal-qemu-br-crun-ltp-0/nacc-ltp-crun-results.tsv	1013	line_no_and_name	openat02 openat02
1014	openat03	PASS	initial_full_campaign	results/20260822T034337Z-firemarshal-qemu-br-crun-ltp-0/nacc-ltp-crun-results.tsv	1014	line_no_and_name	openat03 openat03
1015	openat04	PASS	environment_recovery	results/20260823T153839Z-firemarshal-qemu-br-crun-ltp-0/nacc-ltp-crun-pass-entries.tsv	1015	line_no_and_name	openat04 openat04
1017	openat201	PASS	initial_full_campaign	results/20260822T034337Z-firemarshal-qemu-br-crun-ltp-0/nacc-ltp-crun-results.tsv	1017	line_no_and_name	openat201 openat201
1018	openat202	PASS	initial_full_campaign	results/20260822T034337Z-firemarshal-qemu-br-crun-ltp-0/nacc-ltp-crun-results.tsv	1018	line_no_and_name	openat202 openat202
1019	openat203	PASS	initial_full_campaign	results/20260822T034337Z-firemarshal-qemu-br-crun-ltp-0/nacc-ltp-crun-results.tsv	1019	line_no_and_name	openat203 openat203
1021	open_by_handle_at01	PASS	initial_full_campaign	results/20260822T034337Z-firemarshal-qemu-br-crun-ltp-0/nacc-ltp-crun-results.tsv	1021	line_no_and_name	open_by_handle_at01 open_by_handle_at01
1022	open_by_handle_at02	PASS	initial_full_campaign	results/20260822T034337Z-firemarshal-qemu-br-crun-ltp-0/nacc-ltp-crun-results.tsv	1022	line_no_and_name	open_by_handle_at02 open_by_handle_at02
1024	open_tree01	PASS	initial_full_campaign	results/20260822T034337Z-firemarshal-qemu-br-crun-ltp-0/nacc-ltp-crun-results.tsv	1024	line_no_and_name	open_tree01 open_tree01
1025	open_tree02	PASS	initial_full_campaign	results/20260822T034337Z-firemarshal-qemu-br-crun-ltp-0/nacc-ltp-crun-results.tsv	1025	line_no_and_name	open_tree02 open_tree02
1027	mincore01	PASS	initial_full_campaign	results/20260822T034337Z-firemarshal-qemu-br-crun-ltp-0/nacc-ltp-crun-results.tsv	1027	line_no_and_name	mincore01 mincore01
1028	mincore02	PASS	initial_full_campaign	results/20260822T034337Z-firemarshal-qemu-br-crun-ltp-0/nacc-ltp-crun-results.tsv	1028	line_no_and_name	mincore02 mincore02
1029	mincore03	PASS	initial_full_campaign	results/20260822T034337Z-firemarshal-qemu-br-crun-ltp-0/nacc-ltp-crun-results.tsv	1029	line_no_and_name	mincore03 mincore03
1030	mincore04	PASS	initial_full_campaign	results/20260822T034337Z-firemarshal-qemu-br-crun-ltp-0/nacc-ltp-crun-results.tsv	1030	line_no_and_name	mincore04 mincore04
1032	madvise01	PASS	initial_full_campaign	results/20260822T034337Z-firemarshal-qemu-br-crun-ltp-0/nacc-ltp-crun-results.tsv	1032	line_no_and_name	madvise01 madvise01
1033	madvise02	PASS	initial_full_campaign	results/20260822T034337Z-firemarshal-qemu-br-crun-ltp-0/nacc-ltp-crun-results.tsv	1033	line_no_and_name	madvise02 madvise02
1034	madvise03	PASS	initial_full_campaign	results/20260822T034337Z-firemarshal-qemu-br-crun-ltp-0/nacc-ltp-crun-results.tsv	1034	line_no_and_name	madvise03 madvise03
1035	madvise05	PASS	initial_full_campaign	results/20260822T034337Z-firemarshal-qemu-br-crun-ltp-0/nacc-ltp-crun-results.tsv	1035	line_no_and_name	madvise05 madvise05
1036	madvise06	PASS	initial_full_campaign	results/20260822T034337Z-firemarshal-qemu-br-crun-ltp-0/nacc-ltp-crun-results.tsv	1036	line_no_and_name	madvise06 madvise06
1038	madvise08	PASS	initial_full_campaign	results/20260822T034337Z-firemarshal-qemu-br-crun-ltp-0/nacc-ltp-crun-results.tsv	1038	line_no_and_name	madvise08 madvise08
1039	madvise09	PASS	initial_full_campaign	results/20260822T034337Z-firemarshal-qemu-br-crun-ltp-0/nacc-ltp-crun-results.tsv	1039	line_no_and_name	madvise09 madvise09
1040	madvise10	PASS	initial_full_campaign	results/20260822T034337Z-firemarshal-qemu-br-crun-ltp-0/nacc-ltp-crun-results.tsv	1040	line_no_and_name	madvise10 madvise10
1044	newuname01	PASS	initial_full_campaign	results/20260822T034337Z-firemarshal-qemu-br-crun-ltp-0/nacc-ltp-crun-results.tsv	1044	line_no_and_name	newuname01 newuname01
1046	pathconf01	PASS	initial_full_campaign	results/20260822T034337Z-firemarshal-qemu-br-crun-ltp-0/nacc-ltp-crun-results.tsv	1046	line_no_and_name	pathconf01 pathconf01
1047	pathconf02	PASS	initial_full_campaign	results/20260822T034337Z-firemarshal-qemu-br-crun-ltp-0/nacc-ltp-crun-results.tsv	1047	line_no_and_name	pathconf02 pathconf02
1049	pause01	PASS	initial_full_campaign	results/20260822T034337Z-firemarshal-qemu-br-crun-ltp-0/nacc-ltp-crun-results.tsv	1049	line_no_and_name	pause01 pause01
1050	pause02	PASS	initial_full_campaign	results/20260822T034337Z-firemarshal-qemu-br-crun-ltp-0/nacc-ltp-crun-results.tsv	1050	line_no_and_name	pause02 pause02
1052	personality01	PASS	initial_full_campaign	results/20260822T034337Z-firemarshal-qemu-br-crun-ltp-0/nacc-ltp-crun-results.tsv	1052	line_no_and_name	personality01 personality01
1053	personality02	PASS	initial_full_campaign	results/20260822T034337Z-firemarshal-qemu-br-crun-ltp-0/nacc-ltp-crun-results.tsv	1053	line_no_and_name	personality02 personality02
1055	pidfd_getfd01	PASS	initial_full_campaign	results/20260822T034337Z-firemarshal-qemu-br-crun-ltp-0/nacc-ltp-crun-results.tsv	1055	line_no_and_name	pidfd_getfd01 pidfd_getfd01
1056	pidfd_getfd02	PASS	initial_full_campaign	results/20260822T034337Z-firemarshal-qemu-br-crun-ltp-0/nacc-ltp-crun-results.tsv	1056	line_no_and_name	pidfd_getfd02 pidfd_getfd02
1058	pidfd_open01	PASS	initial_full_campaign	results/20260822T034337Z-firemarshal-qemu-br-crun-ltp-0/nacc-ltp-crun-results.tsv	1058	line_no_and_name	pidfd_open01 pidfd_open01
1059	pidfd_open02	PASS	initial_full_campaign	results/20260822T034337Z-firemarshal-qemu-br-crun-ltp-0/nacc-ltp-crun-results.tsv	1059	line_no_and_name	pidfd_open02 pidfd_open02
1060	pidfd_open03	PASS	initial_full_campaign	results/20260822T034337Z-firemarshal-qemu-br-crun-ltp-0/nacc-ltp-crun-results.tsv	1060	line_no_and_name	pidfd_open03 pidfd_open03
1061	pidfd_open04	PASS	initial_full_campaign	results/20260822T034337Z-firemarshal-qemu-br-crun-ltp-0/nacc-ltp-crun-results.tsv	1061	line_no_and_name	pidfd_open04 pidfd_open04
1063	pidfd_send_signal01	PASS	initial_full_campaign	results/20260822T034337Z-firemarshal-qemu-br-crun-ltp-0/nacc-ltp-crun-results.tsv	1063	line_no_and_name	pidfd_send_signal01 pidfd_send_signal01
1064	pidfd_send_signal02	PASS	initial_full_campaign	results/20260822T034337Z-firemarshal-qemu-br-crun-ltp-0/nacc-ltp-crun-results.tsv	1064	line_no_and_name	pidfd_send_signal02 pidfd_send_signal02
1065	pidfd_send_signal03	PASS	initial_full_campaign	results/20260822T034337Z-firemarshal-qemu-br-crun-ltp-0/nacc-ltp-crun-results.tsv	1065	line_no_and_name	pidfd_send_signal03 pidfd_send_signal03
1067	pipe01	PASS	initial_full_campaign	results/20260822T034337Z-firemarshal-qemu-br-crun-ltp-0/nacc-ltp-crun-results.tsv	1067	line_no_and_name	pipe01 pipe01
1068	pipe02	PASS	initial_full_campaign	results/20260822T034337Z-firemarshal-qemu-br-crun-ltp-0/nacc-ltp-crun-results.tsv	1068	line_no_and_name	pipe02 pipe02
1069	pipe03	PASS	initial_full_campaign	results/20260822T034337Z-firemarshal-qemu-br-crun-ltp-0/nacc-ltp-crun-results.tsv	1069	line_no_and_name	pipe03 pipe03
1070	pipe04	PASS	initial_full_campaign	results/20260822T034337Z-firemarshal-qemu-br-crun-ltp-0/nacc-ltp-crun-results.tsv	1070	line_no_and_name	pipe04 pipe04
1071	pipe05	PASS	initial_full_campaign	results/20260822T034337Z-firemarshal-qemu-br-crun-ltp-0/nacc-ltp-crun-results.tsv	1071	line_no_and_name	pipe05 pipe05
1072	pipe06	PASS	initial_full_campaign	results/20260822T034337Z-firemarshal-qemu-br-crun-ltp-0/nacc-ltp-crun-results.tsv	1072	line_no_and_name	pipe06 pipe06
1073	pipe07	PASS	initial_full_campaign	results/20260822T034337Z-firemarshal-qemu-br-crun-ltp-0/nacc-ltp-crun-results.tsv	1073	line_no_and_name	pipe07 pipe07
1074	pipe08	PASS	initial_full_campaign	results/20260822T034337Z-firemarshal-qemu-br-crun-ltp-0/nacc-ltp-crun-results.tsv	1074	line_no_and_name	pipe08 pipe08
1075	pipe09	PASS	initial_full_campaign	results/20260822T034337Z-firemarshal-qemu-br-crun-ltp-0/nacc-ltp-crun-results.tsv	1075	line_no_and_name	pipe09 pipe09
1076	pipe10	PASS	initial_full_campaign	results/20260822T034337Z-firemarshal-qemu-br-crun-ltp-0/nacc-ltp-crun-results.tsv	1076	line_no_and_name	pipe10 pipe10
1077	pipe11	PASS	initial_full_campaign	results/20260822T034337Z-firemarshal-qemu-br-crun-ltp-0/nacc-ltp-crun-results.tsv	1077	line_no_and_name	pipe11 pipe11
1078	pipe12	PASS	initial_full_campaign	results/20260822T034337Z-firemarshal-qemu-br-crun-ltp-0/nacc-ltp-crun-results.tsv	1078	line_no_and_name	pipe12 pipe12
1079	pipe13	PASS	initial_full_campaign	results/20260822T034337Z-firemarshal-qemu-br-crun-ltp-0/nacc-ltp-crun-results.tsv	1079	line_no_and_name	pipe13 pipe13
1080	pipe14	PASS	initial_full_campaign	results/20260822T034337Z-firemarshal-qemu-br-crun-ltp-0/nacc-ltp-crun-results.tsv	1080	line_no_and_name	pipe14 pipe14
1081	pipe15	PASS	initial_full_campaign	results/20260822T034337Z-firemarshal-qemu-br-crun-ltp-0/nacc-ltp-crun-results.tsv	1081	line_no_and_name	pipe15 pipe15
1083	pipe2_01	PASS	initial_full_campaign	results/20260822T034337Z-firemarshal-qemu-br-crun-ltp-0/nacc-ltp-crun-results.tsv	1083	line_no_and_name	pipe2_01 pipe2_01
1084	pipe2_02	PASS	initial_full_campaign	results/20260822T034337Z-firemarshal-qemu-br-crun-ltp-0/nacc-ltp-crun-results.tsv	1084	line_no_and_name	pipe2_02 pipe2_02
1085	pipe2_04	PASS	initial_full_campaign	results/20260822T034337Z-firemarshal-qemu-br-crun-ltp-0/nacc-ltp-crun-results.tsv	1085	line_no_and_name	pipe2_04 pipe2_04
1088	pipeio_1	PASS	initial_full_campaign	results/20260822T034337Z-firemarshal-qemu-br-crun-ltp-0/nacc-ltp-crun-results.tsv	1088	line_no_and_name	pipeio_1 pipeio -T pipeio_1 -c 5 -s 4090 -i 100 -b -f x80
1089	pipeio_2	PASS	initial_full_campaign	results/20260822T034337Z-firemarshal-qemu-br-crun-ltp-0/nacc-ltp-crun-results.tsv	1089	line_no_and_name	pipeio_2 pipeio -T pipeio_2 -c 5 -s 4090 -i 100 -f x80
1090	pipeio_3	PASS	initial_full_campaign	results/20260822T034337Z-firemarshal-qemu-br-crun-ltp-0/nacc-ltp-crun-results.tsv	1090	line_no_and_name	pipeio_3 pipeio -T pipeio_3 -c 5 -s 4090 -i 100 -u -b -f x80
1091	pipeio_4	PASS	initial_full_campaign	results/20260822T034337Z-firemarshal-qemu-br-crun-ltp-0/nacc-ltp-crun-results.tsv	1091	line_no_and_name	pipeio_4 pipeio -T pipeio_4 -c 5 -s 4090 -i 100 -u -f x80
1092	pipeio_5	PASS	initial_full_campaign	results/20260822T034337Z-firemarshal-qemu-br-crun-ltp-0/nacc-ltp-crun-results.tsv	1092	line_no_and_name	pipeio_5 pipeio -T pipeio_5 -c 5 -s 5000 -i 10 -b -f x80
1093	pipeio_6	PASS	initial_full_campaign	results/20260822T034337Z-firemarshal-qemu-br-crun-ltp-0/nacc-ltp-crun-results.tsv	1093	line_no_and_name	pipeio_6 pipeio -T pipeio_6 -c 5 -s 5000 -i 10 -b -u -f x80
1094	pipeio_7	PASS	initial_full_campaign	results/20260822T034337Z-firemarshal-qemu-br-crun-ltp-0/nacc-ltp-crun-results.tsv	1094	line_no_and_name	pipeio_7 pipeio -T pipeio_7 -c 5 -s 5000 -i 10 -f x80
1095	pipeio_8	PASS	initial_full_campaign	results/20260822T034337Z-firemarshal-qemu-br-crun-ltp-0/nacc-ltp-crun-results.tsv	1095	line_no_and_name	pipeio_8 pipeio -T pipeio_8 -c 5 -s 5000 -i 10 -u -f x80
1097	pivot_root01	PASS	initial_full_campaign	results/20260822T034337Z-firemarshal-qemu-br-crun-ltp-0/nacc-ltp-crun-results.tsv	1097	line_no_and_name	pivot_root01 pivot_root01
1099	poll01	PASS	initial_full_campaign	results/20260822T034337Z-firemarshal-qemu-br-crun-ltp-0/nacc-ltp-crun-results.tsv	1099	line_no_and_name	poll01 poll01
1100	poll02	PASS	environment_recovery	results/20260823T153839Z-firemarshal-qemu-br-crun-ltp-0/nacc-ltp-crun-pass-entries.tsv	1100	line_no_and_name	poll02 poll02
1101	poll03	PASS	initial_full_campaign	results/20260822T034337Z-firemarshal-qemu-br-crun-ltp-0/nacc-ltp-crun-results.tsv	1101	line_no_and_name	poll03 poll03
1102	poll04	PASS	initial_full_campaign	results/20260822T034337Z-firemarshal-qemu-br-crun-ltp-0/nacc-ltp-crun-results.tsv	1102	line_no_and_name	poll04 poll04
1104	ppoll01	PASS	initial_full_campaign	results/20260822T034337Z-firemarshal-qemu-br-crun-ltp-0/nacc-ltp-crun-results.tsv	1104	line_no_and_name	ppoll01 ppoll01
1106	prctl01	PASS	initial_full_campaign	results/20260822T034337Z-firemarshal-qemu-br-crun-ltp-0/nacc-ltp-crun-results.tsv	1106	line_no_and_name	prctl01 prctl01
1107	prctl02	PASS	initial_full_campaign	results/20260822T034337Z-firemarshal-qemu-br-crun-ltp-0/nacc-ltp-crun-results.tsv	1107	line_no_and_name	prctl02 prctl02
1108	prctl03	PASS	initial_full_campaign	results/20260822T034337Z-firemarshal-qemu-br-crun-ltp-0/nacc-ltp-crun-results.tsv	1108	line_no_and_name	prctl03 prctl03
1109	prctl05	PASS	initial_full_campaign	results/20260822T034337Z-firemarshal-qemu-br-crun-ltp-0/nacc-ltp-crun-results.tsv	1109	line_no_and_name	prctl05 prctl05
1110	prctl06	PASS	initial_full_campaign	results/20260822T034337Z-firemarshal-qemu-br-crun-ltp-0/nacc-ltp-crun-results.tsv	1110	line_no_and_name	prctl06 prctl06
1111	prctl07	PASS	initial_full_campaign	results/20260822T034337Z-firemarshal-qemu-br-crun-ltp-0/nacc-ltp-crun-results.tsv	1111	line_no_and_name	prctl07 prctl07
1112	prctl08	PASS	initial_full_campaign	results/20260822T034337Z-firemarshal-qemu-br-crun-ltp-0/nacc-ltp-crun-results.tsv	1112	line_no_and_name	prctl08 prctl08
1113	prctl09	PASS	environment_recovery	results/20260823T153839Z-firemarshal-qemu-br-crun-ltp-0/nacc-ltp-crun-pass-entries.tsv	1113	line_no_and_name	prctl09 prctl09
1116	pread01	PASS	initial_full_campaign	results/20260822T034337Z-firemarshal-qemu-br-crun-ltp-0/nacc-ltp-crun-results.tsv	1116	line_no_and_name	pread01 pread01
1117	pread01_64	PASS	initial_full_campaign	results/20260822T034337Z-firemarshal-qemu-br-crun-ltp-0/nacc-ltp-crun-results.tsv	1117	line_no_and_name	pread01_64 pread01_64
1118	pread02	PASS	initial_full_campaign	results/20260822T034337Z-firemarshal-qemu-br-crun-ltp-0/nacc-ltp-crun-results.tsv	1118	line_no_and_name	pread02 pread02
1119	pread02_64	PASS	initial_full_campaign	results/20260822T034337Z-firemarshal-qemu-br-crun-ltp-0/nacc-ltp-crun-results.tsv	1119	line_no_and_name	pread02_64 pread02_64
1121	preadv01	PASS	initial_full_campaign	results/20260822T034337Z-firemarshal-qemu-br-crun-ltp-0/nacc-ltp-crun-results.tsv	1121	line_no_and_name	preadv01 preadv01
1122	preadv01_64	PASS	initial_full_campaign	results/20260822T034337Z-firemarshal-qemu-br-crun-ltp-0/nacc-ltp-crun-results.tsv	1122	line_no_and_name	preadv01_64 preadv01_64
1123	preadv02	PASS	initial_full_campaign	results/20260822T034337Z-firemarshal-qemu-br-crun-ltp-0/nacc-ltp-crun-results.tsv	1123	line_no_and_name	preadv02 preadv02
1124	preadv02_64	PASS	initial_full_campaign	results/20260822T034337Z-firemarshal-qemu-br-crun-ltp-0/nacc-ltp-crun-results.tsv	1124	line_no_and_name	preadv02_64 preadv02_64
1125	preadv03	PASS	initial_full_campaign	results/20260822T034337Z-firemarshal-qemu-br-crun-ltp-0/nacc-ltp-crun-results.tsv	1125	line_no_and_name	preadv03 preadv03
1126	preadv03_64	PASS	initial_full_campaign	results/20260822T034337Z-firemarshal-qemu-br-crun-ltp-0/nacc-ltp-crun-results.tsv	1126	line_no_and_name	preadv03_64 preadv03_64
1128	preadv201	PASS	initial_full_campaign	results/20260822T034337Z-firemarshal-qemu-br-crun-ltp-0/nacc-ltp-crun-results.tsv	1128	line_no_and_name	preadv201 preadv201
1129	preadv201_64	PASS	initial_full_campaign	results/20260822T034337Z-firemarshal-qemu-br-crun-ltp-0/nacc-ltp-crun-results.tsv	1129	line_no_and_name	preadv201_64 preadv201_64
1130	preadv202	PASS	initial_full_campaign	results/20260822T034337Z-firemarshal-qemu-br-crun-ltp-0/nacc-ltp-crun-results.tsv	1130	line_no_and_name	preadv202 preadv202
1131	preadv202_64	PASS	initial_full_campaign	results/20260822T034337Z-firemarshal-qemu-br-crun-ltp-0/nacc-ltp-crun-results.tsv	1131	line_no_and_name	preadv202_64 preadv202_64
1132	preadv203	PASS	initial_full_campaign	results/20260822T034337Z-firemarshal-qemu-br-crun-ltp-0/nacc-ltp-crun-results.tsv	1132	line_no_and_name	preadv203 preadv203
1133	preadv203_64	PASS	initial_full_campaign	results/20260822T034337Z-firemarshal-qemu-br-crun-ltp-0/nacc-ltp-crun-results.tsv	1133	line_no_and_name	preadv203_64 preadv203_64
1135	profil01	PASS	initial_full_campaign	results/20260822T034337Z-firemarshal-qemu-br-crun-ltp-0/nacc-ltp-crun-results.tsv	1135	line_no_and_name	profil01 profil01
1137	process_vm_readv01	PASS	initial_full_campaign	results/20260822T034337Z-firemarshal-qemu-br-crun-ltp-0/nacc-ltp-crun-results.tsv	1137	line_no_and_name	process_vm_readv01 process_vm01 -r
1138	process_vm_readv02	PASS	initial_full_campaign	results/20260822T034337Z-firemarshal-qemu-br-crun-ltp-0/nacc-ltp-crun-results.tsv	1138	line_no_and_name	process_vm_readv02 process_vm_readv02
1139	process_vm_readv03	PASS	initial_full_campaign	results/20260822T034337Z-firemarshal-qemu-br-crun-ltp-0/nacc-ltp-crun-results.tsv	1139	line_no_and_name	process_vm_readv03 process_vm_readv03
1140	process_vm_writev01	PASS	initial_full_campaign	results/20260822T034337Z-firemarshal-qemu-br-crun-ltp-0/nacc-ltp-crun-results.tsv	1140	line_no_and_name	process_vm_writev01 process_vm01
1141	process_vm_writev02	PASS	initial_full_campaign	results/20260822T034337Z-firemarshal-qemu-br-crun-ltp-0/nacc-ltp-crun-results.tsv	1141	line_no_and_name	process_vm_writev02 process_vm_writev02
1143	process_madvise01	PASS	initial_full_campaign	results/20260822T034337Z-firemarshal-qemu-br-crun-ltp-0/nacc-ltp-crun-results.tsv	1143	line_no_and_name	process_madvise01 process_madvise01
1145	prot_hsymlinks	PASS	initial_full_campaign	results/20260822T034337Z-firemarshal-qemu-br-crun-ltp-0/nacc-ltp-crun-results.tsv	1145	line_no_and_name	prot_hsymlinks prot_hsymlinks
1146	dirtyc0w	PASS	initial_full_campaign	results/20260822T034337Z-firemarshal-qemu-br-crun-ltp-0/nacc-ltp-crun-results.tsv	1146	line_no_and_name	dirtyc0w dirtyc0w
1147	dirtyc0w_shmem	PASS	initial_full_campaign	results/20260822T034337Z-firemarshal-qemu-br-crun-ltp-0/nacc-ltp-crun-results.tsv	1147	line_no_and_name	dirtyc0w_shmem dirtyc0w_shmem
1148	dirtypipe	PASS	initial_full_campaign	results/20260822T034337Z-firemarshal-qemu-br-crun-ltp-0/nacc-ltp-crun-results.tsv	1148	line_no_and_name	dirtypipe dirtypipe
1150	pselect01	PASS	environment_recovery	results/20260823T153839Z-firemarshal-qemu-br-crun-ltp-0/nacc-ltp-crun-pass-entries.tsv	1150	line_no_and_name	pselect01 pselect01
1151	pselect01_64	PASS	initial_full_campaign	results/20260822T034337Z-firemarshal-qemu-br-crun-ltp-0/nacc-ltp-crun-results.tsv	1151	line_no_and_name	pselect01_64 pselect01_64
1152	pselect02	PASS	initial_full_campaign	results/20260822T034337Z-firemarshal-qemu-br-crun-ltp-0/nacc-ltp-crun-results.tsv	1152	line_no_and_name	pselect02 pselect02
1153	pselect02_64	PASS	initial_full_campaign	results/20260822T034337Z-firemarshal-qemu-br-crun-ltp-0/nacc-ltp-crun-results.tsv	1153	line_no_and_name	pselect02_64 pselect02_64
1154	pselect03	PASS	initial_full_campaign	results/20260822T034337Z-firemarshal-qemu-br-crun-ltp-0/nacc-ltp-crun-results.tsv	1154	line_no_and_name	pselect03 pselect03
1155	pselect03_64	PASS	initial_full_campaign	results/20260822T034337Z-firemarshal-qemu-br-crun-ltp-0/nacc-ltp-crun-results.tsv	1155	line_no_and_name	pselect03_64 pselect03_64
1157	ptrace01	PASS	initial_full_campaign	results/20260822T034337Z-firemarshal-qemu-br-crun-ltp-0/nacc-ltp-crun-results.tsv	1157	line_no_and_name	ptrace01 ptrace01
1158	ptrace02	PASS	initial_full_campaign	results/20260822T034337Z-firemarshal-qemu-br-crun-ltp-0/nacc-ltp-crun-results.tsv	1158	line_no_and_name	ptrace02 ptrace02
1159	ptrace03	PASS	initial_full_campaign	results/20260822T034337Z-firemarshal-qemu-br-crun-ltp-0/nacc-ltp-crun-results.tsv	1159	line_no_and_name	ptrace03 ptrace03
1161	ptrace05	PASS	initial_full_campaign	results/20260822T034337Z-firemarshal-qemu-br-crun-ltp-0/nacc-ltp-crun-results.tsv	1161	line_no_and_name	ptrace05 ptrace05
1162	ptrace06	PASS	initial_full_campaign	results/20260822T034337Z-firemarshal-qemu-br-crun-ltp-0/nacc-ltp-crun-results.tsv	1162	line_no_and_name	ptrace06 ptrace06
1167	ptrace11	PASS	initial_full_campaign	results/20260822T034337Z-firemarshal-qemu-br-crun-ltp-0/nacc-ltp-crun-results.tsv	1167	line_no_and_name	ptrace11 ptrace11
1169	pwrite01	PASS	initial_full_campaign	results/20260822T034337Z-firemarshal-qemu-br-crun-ltp-0/nacc-ltp-crun-results.tsv	1169	line_no_and_name	pwrite01 pwrite01
1170	pwrite02	PASS	initial_full_campaign	results/20260822T034337Z-firemarshal-qemu-br-crun-ltp-0/nacc-ltp-crun-results.tsv	1170	line_no_and_name	pwrite02 pwrite02
1171	pwrite03	PASS	initial_full_campaign	results/20260822T034337Z-firemarshal-qemu-br-crun-ltp-0/nacc-ltp-crun-results.tsv	1171	line_no_and_name	pwrite03 pwrite03
1172	pwrite04	PASS	initial_full_campaign	results/20260822T034337Z-firemarshal-qemu-br-crun-ltp-0/nacc-ltp-crun-results.tsv	1172	line_no_and_name	pwrite04 pwrite04
1174	pwrite01_64	PASS	initial_full_campaign	results/20260822T034337Z-firemarshal-qemu-br-crun-ltp-0/nacc-ltp-crun-results.tsv	1174	line_no_and_name	pwrite01_64 pwrite01_64
1175	pwrite02_64	PASS	initial_full_campaign	results/20260822T034337Z-firemarshal-qemu-br-crun-ltp-0/nacc-ltp-crun-results.tsv	1175	line_no_and_name	pwrite02_64 pwrite02_64
1176	pwrite03_64	PASS	initial_full_campaign	results/20260822T034337Z-firemarshal-qemu-br-crun-ltp-0/nacc-ltp-crun-results.tsv	1176	line_no_and_name	pwrite03_64 pwrite03_64
1177	pwrite04_64	PASS	initial_full_campaign	results/20260822T034337Z-firemarshal-qemu-br-crun-ltp-0/nacc-ltp-crun-results.tsv	1177	line_no_and_name	pwrite04_64 pwrite04_64
1179	pwritev01	PASS	initial_full_campaign	results/20260822T034337Z-firemarshal-qemu-br-crun-ltp-0/nacc-ltp-crun-results.tsv	1179	line_no_and_name	pwritev01 pwritev01
1180	pwritev01_64	PASS	initial_full_campaign	results/20260822T034337Z-firemarshal-qemu-br-crun-ltp-0/nacc-ltp-crun-results.tsv	1180	line_no_and_name	pwritev01_64 pwritev01_64
1181	pwritev02	PASS	initial_full_campaign	results/20260822T034337Z-firemarshal-qemu-br-crun-ltp-0/nacc-ltp-crun-results.tsv	1181	line_no_and_name	pwritev02 pwritev02
1182	pwritev02_64	PASS	initial_full_campaign	results/20260822T034337Z-firemarshal-qemu-br-crun-ltp-0/nacc-ltp-crun-results.tsv	1182	line_no_and_name	pwritev02_64 pwritev02_64
1183	pwritev03	PASS	initial_full_campaign	results/20260822T034337Z-firemarshal-qemu-br-crun-ltp-0/nacc-ltp-crun-results.tsv	1183	line_no_and_name	pwritev03 pwritev03
1184	pwritev03_64	PASS	initial_full_campaign	results/20260822T034337Z-firemarshal-qemu-br-crun-ltp-0/nacc-ltp-crun-results.tsv	1184	line_no_and_name	pwritev03_64 pwritev03_64
1186	pwritev201	PASS	initial_full_campaign	results/20260822T034337Z-firemarshal-qemu-br-crun-ltp-0/nacc-ltp-crun-results.tsv	1186	line_no_and_name	pwritev201 pwritev201
1187	pwritev201_64	PASS	initial_full_campaign	results/20260822T034337Z-firemarshal-qemu-br-crun-ltp-0/nacc-ltp-crun-results.tsv	1187	line_no_and_name	pwritev201_64 pwritev201_64
1188	pwritev202	PASS	initial_full_campaign	results/20260822T034337Z-firemarshal-qemu-br-crun-ltp-0/nacc-ltp-crun-results.tsv	1188	line_no_and_name	pwritev202 pwritev202
1189	pwritev202_64	PASS	initial_full_campaign	results/20260822T034337Z-firemarshal-qemu-br-crun-ltp-0/nacc-ltp-crun-results.tsv	1189	line_no_and_name	pwritev202_64 pwritev202_64
1191	quotactl01	PASS	initial_full_campaign	results/20260822T034337Z-firemarshal-qemu-br-crun-ltp-0/nacc-ltp-crun-results.tsv	1191	line_no_and_name	quotactl01 quotactl01
1192	quotactl02	PASS	initial_full_campaign	results/20260822T034337Z-firemarshal-qemu-br-crun-ltp-0/nacc-ltp-crun-results.tsv	1192	line_no_and_name	quotactl02 quotactl02
1193	quotactl03	PASS	initial_full_campaign	results/20260822T034337Z-firemarshal-qemu-br-crun-ltp-0/nacc-ltp-crun-results.tsv	1193	line_no_and_name	quotactl03 quotactl03
1194	quotactl04	PASS	initial_full_campaign	results/20260822T034337Z-firemarshal-qemu-br-crun-ltp-0/nacc-ltp-crun-results.tsv	1194	line_no_and_name	quotactl04 quotactl04
1195	quotactl05	PASS	initial_full_campaign	results/20260822T034337Z-firemarshal-qemu-br-crun-ltp-0/nacc-ltp-crun-results.tsv	1195	line_no_and_name	quotactl05 quotactl05
1196	quotactl06	PASS	initial_full_campaign	results/20260822T034337Z-firemarshal-qemu-br-crun-ltp-0/nacc-ltp-crun-results.tsv	1196	line_no_and_name	quotactl06 quotactl06
1197	quotactl07	PASS	initial_full_campaign	results/20260822T034337Z-firemarshal-qemu-br-crun-ltp-0/nacc-ltp-crun-results.tsv	1197	line_no_and_name	quotactl07 quotactl07
1198	quotactl08	PASS	initial_full_campaign	results/20260822T034337Z-firemarshal-qemu-br-crun-ltp-0/nacc-ltp-crun-results.tsv	1198	line_no_and_name	quotactl08 quotactl08
1199	quotactl09	PASS	initial_full_campaign	results/20260822T034337Z-firemarshal-qemu-br-crun-ltp-0/nacc-ltp-crun-results.tsv	1199	line_no_and_name	quotactl09 quotactl09
1201	read01	PASS	initial_full_campaign	results/20260822T034337Z-firemarshal-qemu-br-crun-ltp-0/nacc-ltp-crun-results.tsv	1201	line_no_and_name	read01 read01
1202	read02	PASS	initial_full_campaign	results/20260822T034337Z-firemarshal-qemu-br-crun-ltp-0/nacc-ltp-crun-results.tsv	1202	line_no_and_name	read02 read02
1203	read03	PASS	initial_full_campaign	results/20260822T034337Z-firemarshal-qemu-br-crun-ltp-0/nacc-ltp-crun-results.tsv	1203	line_no_and_name	read03 read03
1204	read04	PASS	initial_full_campaign	results/20260822T034337Z-firemarshal-qemu-br-crun-ltp-0/nacc-ltp-crun-results.tsv	1204	line_no_and_name	read04 read04
1206	readahead01	PASS	initial_full_campaign	results/20260822T034337Z-firemarshal-qemu-br-crun-ltp-0/nacc-ltp-crun-results.tsv	1206	line_no_and_name	readahead01 readahead01
1207	readahead02	PASS	retry_recovery	results/20260822T051305Z-firemarshal-qemu-br-crun-ltp-0/nacc-ltp-crun-results.tsv	1207	line_no_and_name	readahead02 readahead02
1209	readdir01	PASS	initial_full_campaign	results/20260822T034337Z-firemarshal-qemu-br-crun-ltp-0/nacc-ltp-crun-results.tsv	1209	line_no_and_name	readdir01 readdir01
1212	readlink01	PASS	initial_full_campaign	results/20260822T034337Z-firemarshal-qemu-br-crun-ltp-0/nacc-ltp-crun-results.tsv	1212	line_no_and_name	readlink01 readlink01
1213	readlink03	PASS	initial_full_campaign	results/20260822T034337Z-firemarshal-qemu-br-crun-ltp-0/nacc-ltp-crun-results.tsv	1213	line_no_and_name	readlink03 readlink03
1216	readlinkat01	PASS	initial_full_campaign	results/20260822T034337Z-firemarshal-qemu-br-crun-ltp-0/nacc-ltp-crun-results.tsv	1216	line_no_and_name	readlinkat01 readlinkat01
1217	readlinkat02	PASS	initial_full_campaign	results/20260822T034337Z-firemarshal-qemu-br-crun-ltp-0/nacc-ltp-crun-results.tsv	1217	line_no_and_name	readlinkat02 readlinkat02
1219	readv01	PASS	initial_full_campaign	results/20260822T034337Z-firemarshal-qemu-br-crun-ltp-0/nacc-ltp-crun-results.tsv	1219	line_no_and_name	readv01 readv01
1220	readv02	PASS	initial_full_campaign	results/20260822T034337Z-firemarshal-qemu-br-crun-ltp-0/nacc-ltp-crun-results.tsv	1220	line_no_and_name	readv02 readv02
1222	realpath01	PASS	initial_full_campaign	results/20260822T034337Z-firemarshal-qemu-br-crun-ltp-0/nacc-ltp-crun-results.tsv	1222	line_no_and_name	realpath01 realpath01
1225	reboot02	PASS	initial_full_campaign	results/20260822T034337Z-firemarshal-qemu-br-crun-ltp-0/nacc-ltp-crun-results.tsv	1225	line_no_and_name	reboot02 reboot02
1227	recv01	PASS	initial_full_campaign	results/20260822T034337Z-firemarshal-qemu-br-crun-ltp-0/nacc-ltp-crun-results.tsv	1227	line_no_and_name	recv01 recv01
1229	recvfrom01	PASS	initial_full_campaign	results/20260822T034337Z-firemarshal-qemu-br-crun-ltp-0/nacc-ltp-crun-results.tsv	1229	line_no_and_name	recvfrom01 recvfrom01
1231	recvmsg01	PASS	initial_full_campaign	results/20260822T034337Z-firemarshal-qemu-br-crun-ltp-0/nacc-ltp-crun-results.tsv	1231	line_no_and_name	recvmsg01 recvmsg01
1232	recvmsg02	PASS	initial_full_campaign	results/20260822T034337Z-firemarshal-qemu-br-crun-ltp-0/nacc-ltp-crun-results.tsv	1232	line_no_and_name	recvmsg02 recvmsg02
1233	recvmsg03	PASS	initial_full_campaign	results/20260822T034337Z-firemarshal-qemu-br-crun-ltp-0/nacc-ltp-crun-results.tsv	1233	line_no_and_name	recvmsg03 recvmsg03
1235	recvmmsg01	PASS	initial_full_campaign	results/20260822T034337Z-firemarshal-qemu-br-crun-ltp-0/nacc-ltp-crun-results.tsv	1235	line_no_and_name	recvmmsg01 recvmmsg01
1237	remap_file_pages01	PASS	initial_full_campaign	results/20260822T034337Z-firemarshal-qemu-br-crun-ltp-0/nacc-ltp-crun-results.tsv	1237	line_no_and_name	remap_file_pages01 remap_file_pages01
1238	remap_file_pages02	PASS	initial_full_campaign	results/20260822T034337Z-firemarshal-qemu-br-crun-ltp-0/nacc-ltp-crun-results.tsv	1238	line_no_and_name	remap_file_pages02 remap_file_pages02
1240	removexattr01	PASS	initial_full_campaign	results/20260822T034337Z-firemarshal-qemu-br-crun-ltp-0/nacc-ltp-crun-results.tsv	1240	line_no_and_name	removexattr01 removexattr01
1241	removexattr02	PASS	initial_full_campaign	results/20260822T034337Z-firemarshal-qemu-br-crun-ltp-0/nacc-ltp-crun-results.tsv	1241	line_no_and_name	removexattr02 removexattr02
1243	rename01	PASS	initial_full_campaign	results/20260822T034337Z-firemarshal-qemu-br-crun-ltp-0/nacc-ltp-crun-results.tsv	1243	line_no_and_name	rename01 rename01
1244	rename03	PASS	initial_full_campaign	results/20260822T034337Z-firemarshal-qemu-br-crun-ltp-0/nacc-ltp-crun-results.tsv	1244	line_no_and_name	rename03 rename03
1245	rename04	PASS	initial_full_campaign	results/20260822T034337Z-firemarshal-qemu-br-crun-ltp-0/nacc-ltp-crun-results.tsv	1245	line_no_and_name	rename04 rename04
1246	rename05	PASS	initial_full_campaign	results/20260822T034337Z-firemarshal-qemu-br-crun-ltp-0/nacc-ltp-crun-results.tsv	1246	line_no_and_name	rename05 rename05
1247	rename06	PASS	initial_full_campaign	results/20260822T034337Z-firemarshal-qemu-br-crun-ltp-0/nacc-ltp-crun-results.tsv	1247	line_no_and_name	rename06 rename06
1248	rename07	PASS	initial_full_campaign	results/20260822T034337Z-firemarshal-qemu-br-crun-ltp-0/nacc-ltp-crun-results.tsv	1248	line_no_and_name	rename07 rename07
1249	rename08	PASS	initial_full_campaign	results/20260822T034337Z-firemarshal-qemu-br-crun-ltp-0/nacc-ltp-crun-results.tsv	1249	line_no_and_name	rename08 rename08
1250	rename09	PASS	initial_full_campaign	results/20260822T034337Z-firemarshal-qemu-br-crun-ltp-0/nacc-ltp-crun-results.tsv	1250	line_no_and_name	rename09 rename09
1251	rename10	PASS	initial_full_campaign	results/20260822T034337Z-firemarshal-qemu-br-crun-ltp-0/nacc-ltp-crun-results.tsv	1251	line_no_and_name	rename10 rename10
1252	rename11	PASS	initial_full_campaign	results/20260822T034337Z-firemarshal-qemu-br-crun-ltp-0/nacc-ltp-crun-results.tsv	1252	line_no_and_name	rename11 rename11
1253	rename12	PASS	initial_full_campaign	results/20260822T034337Z-firemarshal-qemu-br-crun-ltp-0/nacc-ltp-crun-results.tsv	1253	line_no_and_name	rename12 rename12
1254	rename13	PASS	initial_full_campaign	results/20260822T034337Z-firemarshal-qemu-br-crun-ltp-0/nacc-ltp-crun-results.tsv	1254	line_no_and_name	rename13 rename13
1255	rename14	PASS	initial_full_campaign	results/20260822T034337Z-firemarshal-qemu-br-crun-ltp-0/nacc-ltp-crun-results.tsv	1255	line_no_and_name	rename14 rename14
1256	rename15	PASS	initial_full_campaign	results/20260822T034337Z-firemarshal-qemu-br-crun-ltp-0/nacc-ltp-crun-results.tsv	1256	line_no_and_name	rename15 rename15
1259	renameat01	PASS	initial_full_campaign	results/20260822T034337Z-firemarshal-qemu-br-crun-ltp-0/nacc-ltp-crun-results.tsv	1259	line_no_and_name	renameat01 renameat01
1261	renameat201	PASS	initial_full_campaign	results/20260822T034337Z-firemarshal-qemu-br-crun-ltp-0/nacc-ltp-crun-results.tsv	1261	line_no_and_name	renameat201 renameat201
1262	renameat202	PASS	initial_full_campaign	results/20260822T034337Z-firemarshal-qemu-br-crun-ltp-0/nacc-ltp-crun-results.tsv	1262	line_no_and_name	renameat202 renameat202 -i 10
1264	request_key01	PASS	initial_full_campaign	results/20260822T034337Z-firemarshal-qemu-br-crun-ltp-0/nacc-ltp-crun-results.tsv	1264	line_no_and_name	request_key01 request_key01
1265	request_key02	PASS	initial_full_campaign	results/20260822T034337Z-firemarshal-qemu-br-crun-ltp-0/nacc-ltp-crun-results.tsv	1265	line_no_and_name	request_key02 request_key02
1266	request_key03	PASS	initial_full_campaign	results/20260822T034337Z-firemarshal-qemu-br-crun-ltp-0/nacc-ltp-crun-results.tsv	1266	line_no_and_name	request_key03 request_key03
1267	request_key04	PASS	initial_full_campaign	results/20260822T034337Z-firemarshal-qemu-br-crun-ltp-0/nacc-ltp-crun-results.tsv	1267	line_no_and_name	request_key04 request_key04
1268	request_key05	PASS	initial_full_campaign	results/20260822T034337Z-firemarshal-qemu-br-crun-ltp-0/nacc-ltp-crun-results.tsv	1268	line_no_and_name	request_key05 request_key05
1269	request_key06	PASS	initial_full_campaign	results/20260822T034337Z-firemarshal-qemu-br-crun-ltp-0/nacc-ltp-crun-results.tsv	1269	line_no_and_name	request_key06 request_key06
1271	rmdir01	PASS	initial_full_campaign	results/20260822T034337Z-firemarshal-qemu-br-crun-ltp-0/nacc-ltp-crun-results.tsv	1271	line_no_and_name	rmdir01 rmdir01
1272	rmdir02	PASS	initial_full_campaign	results/20260822T034337Z-firemarshal-qemu-br-crun-ltp-0/nacc-ltp-crun-results.tsv	1272	line_no_and_name	rmdir02 rmdir02
1273	rmdir03	PASS	initial_full_campaign	results/20260822T034337Z-firemarshal-qemu-br-crun-ltp-0/nacc-ltp-crun-results.tsv	1273	line_no_and_name	rmdir03 rmdir03
1275	rt_sigaction01	PASS	initial_full_campaign	results/20260822T034337Z-firemarshal-qemu-br-crun-ltp-0/nacc-ltp-crun-results.tsv	1275	line_no_and_name	rt_sigaction01 rt_sigaction01
1276	rt_sigaction02	PASS	initial_full_campaign	results/20260822T034337Z-firemarshal-qemu-br-crun-ltp-0/nacc-ltp-crun-results.tsv	1276	line_no_and_name	rt_sigaction02 rt_sigaction02
1277	rt_sigaction03	PASS	initial_full_campaign	results/20260822T034337Z-firemarshal-qemu-br-crun-ltp-0/nacc-ltp-crun-results.tsv	1277	line_no_and_name	rt_sigaction03 rt_sigaction03
1278	rt_sigprocmask01	PASS	initial_full_campaign	results/20260822T034337Z-firemarshal-qemu-br-crun-ltp-0/nacc-ltp-crun-results.tsv	1278	line_no_and_name	rt_sigprocmask01 rt_sigprocmask01
1279	rt_sigprocmask02	PASS	initial_full_campaign	results/20260822T034337Z-firemarshal-qemu-br-crun-ltp-0/nacc-ltp-crun-results.tsv	1279	line_no_and_name	rt_sigprocmask02 rt_sigprocmask02
1280	rt_sigqueueinfo01	PASS	initial_full_campaign	results/20260822T034337Z-firemarshal-qemu-br-crun-ltp-0/nacc-ltp-crun-results.tsv	1280	line_no_and_name	rt_sigqueueinfo01 rt_sigqueueinfo01
1281	rt_sigqueueinfo02	PASS	initial_full_campaign	results/20260822T034337Z-firemarshal-qemu-br-crun-ltp-0/nacc-ltp-crun-results.tsv	1281	line_no_and_name	rt_sigqueueinfo02 rt_sigqueueinfo02
1282	rt_sigsuspend01	PASS	initial_full_campaign	results/20260822T034337Z-firemarshal-qemu-br-crun-ltp-0/nacc-ltp-crun-results.tsv	1282	line_no_and_name	rt_sigsuspend01 rt_sigsuspend01
1283	rt_sigtimedwait01	PASS	initial_full_campaign	results/20260822T034337Z-firemarshal-qemu-br-crun-ltp-0/nacc-ltp-crun-results.tsv	1283	line_no_and_name	rt_sigtimedwait01 rt_sigtimedwait01
1284	rt_tgsigqueueinfo01	PASS	initial_full_campaign	results/20260822T034337Z-firemarshal-qemu-br-crun-ltp-0/nacc-ltp-crun-results.tsv	1284	line_no_and_name	rt_tgsigqueueinfo01 rt_tgsigqueueinfo01
1286	sbrk01	PASS	initial_full_campaign	results/20260822T034337Z-firemarshal-qemu-br-crun-ltp-0/nacc-ltp-crun-results.tsv	1286	line_no_and_name	sbrk01 sbrk01
1287	sbrk02	PASS	initial_full_campaign	results/20260822T034337Z-firemarshal-qemu-br-crun-ltp-0/nacc-ltp-crun-results.tsv	1287	line_no_and_name	sbrk02 sbrk02
1290	sched_get_priority_max01	PASS	initial_full_campaign	results/20260822T034337Z-firemarshal-qemu-br-crun-ltp-0/nacc-ltp-crun-results.tsv	1290	line_no_and_name	sched_get_priority_max01 sched_get_priority_max01
1291	sched_get_priority_max02	PASS	initial_full_campaign	results/20260822T034337Z-firemarshal-qemu-br-crun-ltp-0/nacc-ltp-crun-results.tsv	1291	line_no_and_name	sched_get_priority_max02 sched_get_priority_max02
1293	sched_get_priority_min01	PASS	initial_full_campaign	results/20260822T034337Z-firemarshal-qemu-br-crun-ltp-0/nacc-ltp-crun-results.tsv	1293	line_no_and_name	sched_get_priority_min01 sched_get_priority_min01
1294	sched_get_priority_min02	PASS	initial_full_campaign	results/20260822T034337Z-firemarshal-qemu-br-crun-ltp-0/nacc-ltp-crun-results.tsv	1294	line_no_and_name	sched_get_priority_min02 sched_get_priority_min02
1296	sched_getparam01	PASS	initial_full_campaign	results/20260822T034337Z-firemarshal-qemu-br-crun-ltp-0/nacc-ltp-crun-results.tsv	1296	line_no_and_name	sched_getparam01 sched_getparam01
1297	sched_getparam03	PASS	initial_full_campaign	results/20260822T034337Z-firemarshal-qemu-br-crun-ltp-0/nacc-ltp-crun-results.tsv	1297	line_no_and_name	sched_getparam03 sched_getparam03
1299	sched_rr_get_interval01	PASS	initial_full_campaign	results/20260822T034337Z-firemarshal-qemu-br-crun-ltp-0/nacc-ltp-crun-results.tsv	1299	line_no_and_name	sched_rr_get_interval01 sched_rr_get_interval01
1300	sched_rr_get_interval02	PASS	initial_full_campaign	results/20260822T034337Z-firemarshal-qemu-br-crun-ltp-0/nacc-ltp-crun-results.tsv	1300	line_no_and_name	sched_rr_get_interval02 sched_rr_get_interval02
1301	sched_rr_get_interval03	PASS	initial_full_campaign	results/20260822T034337Z-firemarshal-qemu-br-crun-ltp-0/nacc-ltp-crun-results.tsv	1301	line_no_and_name	sched_rr_get_interval03 sched_rr_get_interval03
1303	sched_setparam01	PASS	initial_full_campaign	results/20260822T034337Z-firemarshal-qemu-br-crun-ltp-0/nacc-ltp-crun-results.tsv	1303	line_no_and_name	sched_setparam01 sched_setparam01
1304	sched_setparam02	PASS	initial_full_campaign	results/20260822T034337Z-firemarshal-qemu-br-crun-ltp-0/nacc-ltp-crun-results.tsv	1304	line_no_and_name	sched_setparam02 sched_setparam02
1305	sched_setparam03	PASS	initial_full_campaign	results/20260822T034337Z-firemarshal-qemu-br-crun-ltp-0/nacc-ltp-crun-results.tsv	1305	line_no_and_name	sched_setparam03 sched_setparam03
1306	sched_setparam04	PASS	initial_full_campaign	results/20260822T034337Z-firemarshal-qemu-br-crun-ltp-0/nacc-ltp-crun-results.tsv	1306	line_no_and_name	sched_setparam04 sched_setparam04
1307	sched_setparam05	PASS	initial_full_campaign	results/20260822T034337Z-firemarshal-qemu-br-crun-ltp-0/nacc-ltp-crun-results.tsv	1307	line_no_and_name	sched_setparam05 sched_setparam05
1309	sched_getscheduler01	PASS	initial_full_campaign	results/20260822T034337Z-firemarshal-qemu-br-crun-ltp-0/nacc-ltp-crun-results.tsv	1309	line_no_and_name	sched_getscheduler01 sched_getscheduler01
1310	sched_getscheduler02	PASS	initial_full_campaign	results/20260822T034337Z-firemarshal-qemu-br-crun-ltp-0/nacc-ltp-crun-results.tsv	1310	line_no_and_name	sched_getscheduler02 sched_getscheduler02
1312	sched_setscheduler01	PASS	initial_full_campaign	results/20260822T034337Z-firemarshal-qemu-br-crun-ltp-0/nacc-ltp-crun-results.tsv	1312	line_no_and_name	sched_setscheduler01 sched_setscheduler01
1313	sched_setscheduler02	PASS	capability_profile_recovery	results/20260823T235936Z-firemarshal-qemu-br-crun-ltp-0/nacc-ltp-crun-results.tsv	1313	line_no_and_name	sched_setscheduler02 sched_setscheduler02
1314	sched_setscheduler03	PASS	initial_full_campaign	results/20260822T034337Z-firemarshal-qemu-br-crun-ltp-0/nacc-ltp-crun-results.tsv	1314	line_no_and_name	sched_setscheduler03 sched_setscheduler03
1315	sched_setscheduler04	PASS	initial_full_campaign	results/20260822T034337Z-firemarshal-qemu-br-crun-ltp-0/nacc-ltp-crun-results.tsv	1315	line_no_and_name	sched_setscheduler04 sched_setscheduler04
1317	sched_yield01	PASS	initial_full_campaign	results/20260822T034337Z-firemarshal-qemu-br-crun-ltp-0/nacc-ltp-crun-results.tsv	1317	line_no_and_name	sched_yield01 sched_yield01
1319	sched_setaffinity01	PASS	initial_full_campaign	results/20260822T034337Z-firemarshal-qemu-br-crun-ltp-0/nacc-ltp-crun-results.tsv	1319	line_no_and_name	sched_setaffinity01 sched_setaffinity01
1320	sched_getaffinity01	PASS	initial_full_campaign	results/20260822T034337Z-firemarshal-qemu-br-crun-ltp-0/nacc-ltp-crun-results.tsv	1320	line_no_and_name	sched_getaffinity01 sched_getaffinity01
1322	sched_setattr01	PASS	initial_full_campaign	results/20260822T034337Z-firemarshal-qemu-br-crun-ltp-0/nacc-ltp-crun-results.tsv	1322	line_no_and_name	sched_setattr01 sched_setattr01
1323	sched_getattr01	PASS	initial_full_campaign	results/20260822T034337Z-firemarshal-qemu-br-crun-ltp-0/nacc-ltp-crun-results.tsv	1323	line_no_and_name	sched_getattr01 sched_getattr01
1324	sched_getattr02	PASS	initial_full_campaign	results/20260822T034337Z-firemarshal-qemu-br-crun-ltp-0/nacc-ltp-crun-results.tsv	1324	line_no_and_name	sched_getattr02 sched_getattr02
1326	seccomp01	PASS	initial_full_campaign	results/20260822T034337Z-firemarshal-qemu-br-crun-ltp-0/nacc-ltp-crun-results.tsv	1326	line_no_and_name	seccomp01 seccomp01
1328	select01	PASS	initial_full_campaign	results/20260822T034337Z-firemarshal-qemu-br-crun-ltp-0/nacc-ltp-crun-results.tsv	1328	line_no_and_name	select01 select01
1329	select02	PASS	initial_full_campaign	results/20260822T034337Z-firemarshal-qemu-br-crun-ltp-0/nacc-ltp-crun-results.tsv	1329	line_no_and_name	select02 select02
1330	select03	PASS	initial_full_campaign	results/20260822T034337Z-firemarshal-qemu-br-crun-ltp-0/nacc-ltp-crun-results.tsv	1330	line_no_and_name	select03 select03
1331	select04	PASS	initial_full_campaign	results/20260822T034337Z-firemarshal-qemu-br-crun-ltp-0/nacc-ltp-crun-results.tsv	1331	line_no_and_name	select04 select04
1333	semctl01	PASS	initial_full_campaign	results/20260822T034337Z-firemarshal-qemu-br-crun-ltp-0/nacc-ltp-crun-results.tsv	1333	line_no_and_name	semctl01 semctl01
1334	semctl02	PASS	initial_full_campaign	results/20260822T034337Z-firemarshal-qemu-br-crun-ltp-0/nacc-ltp-crun-results.tsv	1334	line_no_and_name	semctl02 semctl02
1335	semctl03	PASS	initial_full_campaign	results/20260822T034337Z-firemarshal-qemu-br-crun-ltp-0/nacc-ltp-crun-results.tsv	1335	line_no_and_name	semctl03 semctl03
1336	semctl04	PASS	initial_full_campaign	results/20260822T034337Z-firemarshal-qemu-br-crun-ltp-0/nacc-ltp-crun-results.tsv	1336	line_no_and_name	semctl04 semctl04
1337	semctl05	PASS	initial_full_campaign	results/20260822T034337Z-firemarshal-qemu-br-crun-ltp-0/nacc-ltp-crun-results.tsv	1337	line_no_and_name	semctl05 semctl05
1338	semctl06	PASS	environment_recovery	results/20260823T153839Z-firemarshal-qemu-br-crun-ltp-0/nacc-ltp-crun-pass-entries.tsv	1338	line_no_and_name	semctl06 semctl06
1339	semctl07	PASS	initial_full_campaign	results/20260822T034337Z-firemarshal-qemu-br-crun-ltp-0/nacc-ltp-crun-results.tsv	1339	line_no_and_name	semctl07 semctl07
1341	semctl09	PASS	initial_full_campaign	results/20260822T034337Z-firemarshal-qemu-br-crun-ltp-0/nacc-ltp-crun-results.tsv	1341	line_no_and_name	semctl09 semctl09
1343	semget01	PASS	initial_full_campaign	results/20260822T034337Z-firemarshal-qemu-br-crun-ltp-0/nacc-ltp-crun-results.tsv	1343	line_no_and_name	semget01 semget01
1344	semget02	PASS	initial_full_campaign	results/20260822T034337Z-firemarshal-qemu-br-crun-ltp-0/nacc-ltp-crun-results.tsv	1344	line_no_and_name	semget02 semget02
1345	semget05	PASS	initial_full_campaign	results/20260822T034337Z-firemarshal-qemu-br-crun-ltp-0/nacc-ltp-crun-results.tsv	1345	line_no_and_name	semget05 semget05
1347	semop01	PASS	initial_full_campaign	results/20260822T034337Z-firemarshal-qemu-br-crun-ltp-0/nacc-ltp-crun-results.tsv	1347	line_no_and_name	semop01 semop01
1348	semop02	PASS	initial_full_campaign	results/20260822T034337Z-firemarshal-qemu-br-crun-ltp-0/nacc-ltp-crun-results.tsv	1348	line_no_and_name	semop02 semop02
1349	semop03	PASS	initial_full_campaign	results/20260822T034337Z-firemarshal-qemu-br-crun-ltp-0/nacc-ltp-crun-results.tsv	1349	line_no_and_name	semop03 semop03
1350	semop04	PASS	initial_full_campaign	results/20260822T034337Z-firemarshal-qemu-br-crun-ltp-0/nacc-ltp-crun-results.tsv	1350	line_no_and_name	semop04 semop04
1351	semop05	PASS	initial_full_campaign	results/20260822T034337Z-firemarshal-qemu-br-crun-ltp-0/nacc-ltp-crun-results.tsv	1351	line_no_and_name	semop05 semop05
1353	send01	PASS	initial_full_campaign	results/20260822T034337Z-firemarshal-qemu-br-crun-ltp-0/nacc-ltp-crun-results.tsv	1353	line_no_and_name	send01 send01
1354	send02	PASS	initial_full_campaign	results/20260822T034337Z-firemarshal-qemu-br-crun-ltp-0/nacc-ltp-crun-results.tsv	1354	line_no_and_name	send02 send02
1356	sendfile02	PASS	initial_full_campaign	results/20260822T034337Z-firemarshal-qemu-br-crun-ltp-0/nacc-ltp-crun-results.tsv	1356	line_no_and_name	sendfile02 sendfile02
1357	sendfile02_64	PASS	initial_full_campaign	results/20260822T034337Z-firemarshal-qemu-br-crun-ltp-0/nacc-ltp-crun-results.tsv	1357	line_no_and_name	sendfile02_64 sendfile02_64
1358	sendfile03	PASS	initial_full_campaign	results/20260822T034337Z-firemarshal-qemu-br-crun-ltp-0/nacc-ltp-crun-results.tsv	1358	line_no_and_name	sendfile03 sendfile03
1359	sendfile03_64	PASS	initial_full_campaign	results/20260822T034337Z-firemarshal-qemu-br-crun-ltp-0/nacc-ltp-crun-results.tsv	1359	line_no_and_name	sendfile03_64 sendfile03_64
1360	sendfile04	PASS	initial_full_campaign	results/20260822T034337Z-firemarshal-qemu-br-crun-ltp-0/nacc-ltp-crun-results.tsv	1360	line_no_and_name	sendfile04 sendfile04
1361	sendfile04_64	PASS	initial_full_campaign	results/20260822T034337Z-firemarshal-qemu-br-crun-ltp-0/nacc-ltp-crun-results.tsv	1361	line_no_and_name	sendfile04_64 sendfile04_64
1362	sendfile05	PASS	initial_full_campaign	results/20260822T034337Z-firemarshal-qemu-br-crun-ltp-0/nacc-ltp-crun-results.tsv	1362	line_no_and_name	sendfile05 sendfile05
1363	sendfile05_64	PASS	initial_full_campaign	results/20260822T034337Z-firemarshal-qemu-br-crun-ltp-0/nacc-ltp-crun-results.tsv	1363	line_no_and_name	sendfile05_64 sendfile05_64
1364	sendfile06	PASS	initial_full_campaign	results/20260822T034337Z-firemarshal-qemu-br-crun-ltp-0/nacc-ltp-crun-results.tsv	1364	line_no_and_name	sendfile06 sendfile06
1365	sendfile06_64	PASS	initial_full_campaign	results/20260822T034337Z-firemarshal-qemu-br-crun-ltp-0/nacc-ltp-crun-results.tsv	1365	line_no_and_name	sendfile06_64 sendfile06_64
1366	sendfile07	PASS	initial_full_campaign	results/20260822T034337Z-firemarshal-qemu-br-crun-ltp-0/nacc-ltp-crun-results.tsv	1366	line_no_and_name	sendfile07 sendfile07
1367	sendfile07_64	PASS	initial_full_campaign	results/20260822T034337Z-firemarshal-qemu-br-crun-ltp-0/nacc-ltp-crun-results.tsv	1367	line_no_and_name	sendfile07_64 sendfile07_64
1368	sendfile08	PASS	initial_full_campaign	results/20260822T034337Z-firemarshal-qemu-br-crun-ltp-0/nacc-ltp-crun-results.tsv	1368	line_no_and_name	sendfile08 sendfile08
1369	sendfile08_64	PASS	initial_full_campaign	results/20260822T034337Z-firemarshal-qemu-br-crun-ltp-0/nacc-ltp-crun-results.tsv	1369	line_no_and_name	sendfile08_64 sendfile08_64
1370	sendfile09	PASS	environment_recovery	results/20260823T153839Z-firemarshal-qemu-br-crun-ltp-0/nacc-ltp-crun-pass-entries.tsv	1370	line_no_and_name	sendfile09 sendfile09
1371	sendfile09_64	PASS	environment_recovery	results/20260823T153839Z-firemarshal-qemu-br-crun-ltp-0/nacc-ltp-crun-pass-entries.tsv	1371	line_no_and_name	sendfile09_64 sendfile09_64
1374	sendmsg01	PASS	initial_full_campaign	results/20260822T034337Z-firemarshal-qemu-br-crun-ltp-0/nacc-ltp-crun-results.tsv	1374	line_no_and_name	sendmsg01 sendmsg01
1375	sendmsg02	PASS	initial_full_campaign	results/20260822T034337Z-firemarshal-qemu-br-crun-ltp-0/nacc-ltp-crun-results.tsv	1375	line_no_and_name	sendmsg02 sendmsg02
1376	sendmsg03	PASS	initial_full_campaign	results/20260822T034337Z-firemarshal-qemu-br-crun-ltp-0/nacc-ltp-crun-results.tsv	1376	line_no_and_name	sendmsg03 sendmsg03
1378	sendmmsg01	PASS	initial_full_campaign	results/20260822T034337Z-firemarshal-qemu-br-crun-ltp-0/nacc-ltp-crun-results.tsv	1378	line_no_and_name	sendmmsg01 sendmmsg01
1379	sendmmsg02	PASS	initial_full_campaign	results/20260822T034337Z-firemarshal-qemu-br-crun-ltp-0/nacc-ltp-crun-results.tsv	1379	line_no_and_name	sendmmsg02 sendmmsg02
1381	sendto01	PASS	initial_full_campaign	results/20260822T034337Z-firemarshal-qemu-br-crun-ltp-0/nacc-ltp-crun-results.tsv	1381	line_no_and_name	sendto01 sendto01
1382	sendto02	PASS	initial_full_campaign	results/20260822T034337Z-firemarshal-qemu-br-crun-ltp-0/nacc-ltp-crun-results.tsv	1382	line_no_and_name	sendto02 sendto02
1383	sendto03	PASS	initial_full_campaign	results/20260822T034337Z-firemarshal-qemu-br-crun-ltp-0/nacc-ltp-crun-results.tsv	1383	line_no_and_name	sendto03 sendto03
1390	set_robust_list01	PASS	initial_full_campaign	results/20260822T034337Z-firemarshal-qemu-br-crun-ltp-0/nacc-ltp-crun-results.tsv	1390	line_no_and_name	set_robust_list01 set_robust_list01
1393	set_tid_address01	PASS	initial_full_campaign	results/20260822T034337Z-firemarshal-qemu-br-crun-ltp-0/nacc-ltp-crun-results.tsv	1393	line_no_and_name	set_tid_address01 set_tid_address01
1395	setdomainname01	PASS	initial_full_campaign	results/20260822T034337Z-firemarshal-qemu-br-crun-ltp-0/nacc-ltp-crun-results.tsv	1395	line_no_and_name	setdomainname01
1396	setdomainname02	PASS	initial_full_campaign	results/20260822T034337Z-firemarshal-qemu-br-crun-ltp-0/nacc-ltp-crun-results.tsv	1396	line_no_and_name	setdomainname02
1397	setdomainname03	PASS	initial_full_campaign	results/20260822T034337Z-firemarshal-qemu-br-crun-ltp-0/nacc-ltp-crun-results.tsv	1397	line_no_and_name	setdomainname03
1399	setfsgid01	PASS	initial_full_campaign	results/20260822T034337Z-firemarshal-qemu-br-crun-ltp-0/nacc-ltp-crun-results.tsv	1399	line_no_and_name	setfsgid01 setfsgid01
1401	setfsgid02	PASS	initial_full_campaign	results/20260822T034337Z-firemarshal-qemu-br-crun-ltp-0/nacc-ltp-crun-results.tsv	1401	line_no_and_name	setfsgid02 setfsgid02
1403	setfsgid03	PASS	initial_full_campaign	results/20260822T034337Z-firemarshal-qemu-br-crun-ltp-0/nacc-ltp-crun-results.tsv	1403	line_no_and_name	setfsgid03 setfsgid03
1406	setfsuid01	PASS	initial_full_campaign	results/20260822T034337Z-firemarshal-qemu-br-crun-ltp-0/nacc-ltp-crun-results.tsv	1406	line_no_and_name	setfsuid01 setfsuid01
1408	setfsuid02	PASS	initial_full_campaign	results/20260822T034337Z-firemarshal-qemu-br-crun-ltp-0/nacc-ltp-crun-results.tsv	1408	line_no_and_name	setfsuid02 setfsuid02
1410	setfsuid03	PASS	initial_full_campaign	results/20260822T034337Z-firemarshal-qemu-br-crun-ltp-0/nacc-ltp-crun-results.tsv	1410	line_no_and_name	setfsuid03 setfsuid03
1412	setfsuid04	PASS	initial_full_campaign	results/20260822T034337Z-firemarshal-qemu-br-crun-ltp-0/nacc-ltp-crun-results.tsv	1412	line_no_and_name	setfsuid04 setfsuid04
1415	setgid01	PASS	initial_full_campaign	results/20260822T034337Z-firemarshal-qemu-br-crun-ltp-0/nacc-ltp-crun-results.tsv	1415	line_no_and_name	setgid01 setgid01
1417	setgid02	PASS	initial_full_campaign	results/20260822T034337Z-firemarshal-qemu-br-crun-ltp-0/nacc-ltp-crun-results.tsv	1417	line_no_and_name	setgid02 setgid02
1419	setgid03	PASS	initial_full_campaign	results/20260822T034337Z-firemarshal-qemu-br-crun-ltp-0/nacc-ltp-crun-results.tsv	1419	line_no_and_name	setgid03 setgid03
1422	setegid01	PASS	initial_full_campaign	results/20260822T034337Z-firemarshal-qemu-br-crun-ltp-0/nacc-ltp-crun-results.tsv	1422	line_no_and_name	setegid01 setegid01
1423	setegid02	PASS	initial_full_campaign	results/20260822T034337Z-firemarshal-qemu-br-crun-ltp-0/nacc-ltp-crun-results.tsv	1423	line_no_and_name	setegid02 setegid02
1427	setgroups01	PASS	initial_full_campaign	results/20260822T034337Z-firemarshal-qemu-br-crun-ltp-0/nacc-ltp-crun-results.tsv	1427	line_no_and_name	setgroups01 setgroups01
1429	setgroups02	PASS	initial_full_campaign	results/20260822T034337Z-firemarshal-qemu-br-crun-ltp-0/nacc-ltp-crun-results.tsv	1429	line_no_and_name	setgroups02 setgroups02
1431	setgroups03	PASS	initial_full_campaign	results/20260822T034337Z-firemarshal-qemu-br-crun-ltp-0/nacc-ltp-crun-results.tsv	1431	line_no_and_name	setgroups03 setgroups03
1434	sethostname01	PASS	initial_full_campaign	results/20260822T034337Z-firemarshal-qemu-br-crun-ltp-0/nacc-ltp-crun-results.tsv	1434	line_no_and_name	sethostname01 sethostname01
1435	sethostname02	PASS	initial_full_campaign	results/20260822T034337Z-firemarshal-qemu-br-crun-ltp-0/nacc-ltp-crun-results.tsv	1435	line_no_and_name	sethostname02 sethostname02
1436	sethostname03	PASS	initial_full_campaign	results/20260822T034337Z-firemarshal-qemu-br-crun-ltp-0/nacc-ltp-crun-results.tsv	1436	line_no_and_name	sethostname03 sethostname03
1438	setitimer01	PASS	initial_full_campaign	results/20260822T034337Z-firemarshal-qemu-br-crun-ltp-0/nacc-ltp-crun-results.tsv	1438	line_no_and_name	setitimer01 setitimer01
1439	setitimer02	PASS	initial_full_campaign	results/20260822T034337Z-firemarshal-qemu-br-crun-ltp-0/nacc-ltp-crun-results.tsv	1439	line_no_and_name	setitimer02 setitimer02
1441	setns01	PASS	initial_full_campaign	results/20260822T034337Z-firemarshal-qemu-br-crun-ltp-0/nacc-ltp-crun-results.tsv	1441	line_no_and_name	setns01 setns01
1442	setns02	PASS	initial_full_campaign	results/20260822T034337Z-firemarshal-qemu-br-crun-ltp-0/nacc-ltp-crun-results.tsv	1442	line_no_and_name	setns02 setns02
1444	setpgid01	PASS	initial_full_campaign	results/20260822T034337Z-firemarshal-qemu-br-crun-ltp-0/nacc-ltp-crun-results.tsv	1444	line_no_and_name	setpgid01 setpgid01
1445	setpgid02	PASS	initial_full_campaign	results/20260822T034337Z-firemarshal-qemu-br-crun-ltp-0/nacc-ltp-crun-results.tsv	1445	line_no_and_name	setpgid02 setpgid02
1446	setpgid03	PASS	initial_full_campaign	results/20260822T034337Z-firemarshal-qemu-br-crun-ltp-0/nacc-ltp-crun-results.tsv	1446	line_no_and_name	setpgid03 setpgid03
1448	setpgrp01	PASS	initial_full_campaign	results/20260822T034337Z-firemarshal-qemu-br-crun-ltp-0/nacc-ltp-crun-results.tsv	1448	line_no_and_name	setpgrp01 setpgrp01
1449	setpgrp02	PASS	initial_full_campaign	results/20260822T034337Z-firemarshal-qemu-br-crun-ltp-0/nacc-ltp-crun-results.tsv	1449	line_no_and_name	setpgrp02 setpgrp02
1451	setpriority01	PASS	initial_full_campaign	results/20260822T034337Z-firemarshal-qemu-br-crun-ltp-0/nacc-ltp-crun-results.tsv	1451	line_no_and_name	setpriority01 setpriority01
1452	setpriority02	PASS	capability_profile_recovery	results/20260823T235936Z-firemarshal-qemu-br-crun-ltp-0/nacc-ltp-crun-results.tsv	1452	line_no_and_name	setpriority02 setpriority02
1454	setregid01	PASS	initial_full_campaign	results/20260822T034337Z-firemarshal-qemu-br-crun-ltp-0/nacc-ltp-crun-results.tsv	1454	line_no_and_name	setregid01 setregid01
1456	setregid02	PASS	initial_full_campaign	results/20260822T034337Z-firemarshal-qemu-br-crun-ltp-0/nacc-ltp-crun-results.tsv	1456	line_no_and_name	setregid02 setregid02
1458	setregid03	PASS	initial_full_campaign	results/20260822T034337Z-firemarshal-qemu-br-crun-ltp-0/nacc-ltp-crun-results.tsv	1458	line_no_and_name	setregid03 setregid03
1460	setregid04	PASS	initial_full_campaign	results/20260822T034337Z-firemarshal-qemu-br-crun-ltp-0/nacc-ltp-crun-results.tsv	1460	line_no_and_name	setregid04 setregid04
1463	setresgid01	PASS	initial_full_campaign	results/20260822T034337Z-firemarshal-qemu-br-crun-ltp-0/nacc-ltp-crun-results.tsv	1463	line_no_and_name	setresgid01 setresgid01
1465	setresgid02	PASS	initial_full_campaign	results/20260822T034337Z-firemarshal-qemu-br-crun-ltp-0/nacc-ltp-crun-results.tsv	1465	line_no_and_name	setresgid02 setresgid02
1467	setresgid03	PASS	initial_full_campaign	results/20260822T034337Z-firemarshal-qemu-br-crun-ltp-0/nacc-ltp-crun-results.tsv	1467	line_no_and_name	setresgid03 setresgid03
1469	setresgid04	PASS	initial_full_campaign	results/20260822T034337Z-firemarshal-qemu-br-crun-ltp-0/nacc-ltp-crun-results.tsv	1469	line_no_and_name	setresgid04 setresgid04
1472	setresuid01	PASS	initial_full_campaign	results/20260822T034337Z-firemarshal-qemu-br-crun-ltp-0/nacc-ltp-crun-results.tsv	1472	line_no_and_name	setresuid01 setresuid01
1474	setresuid02	PASS	initial_full_campaign	results/20260822T034337Z-firemarshal-qemu-br-crun-ltp-0/nacc-ltp-crun-results.tsv	1474	line_no_and_name	setresuid02 setresuid02
1476	setresuid03	PASS	initial_full_campaign	results/20260822T034337Z-firemarshal-qemu-br-crun-ltp-0/nacc-ltp-crun-results.tsv	1476	line_no_and_name	setresuid03 setresuid03
1478	setresuid04	PASS	initial_full_campaign	results/20260822T034337Z-firemarshal-qemu-br-crun-ltp-0/nacc-ltp-crun-results.tsv	1478	line_no_and_name	setresuid04 setresuid04
1480	setresuid05	PASS	initial_full_campaign	results/20260822T034337Z-firemarshal-qemu-br-crun-ltp-0/nacc-ltp-crun-results.tsv	1480	line_no_and_name	setresuid05 setresuid05
1483	setreuid01	PASS	initial_full_campaign	results/20260822T034337Z-firemarshal-qemu-br-crun-ltp-0/nacc-ltp-crun-results.tsv	1483	line_no_and_name	setreuid01 setreuid01
1485	setreuid02	PASS	initial_full_campaign	results/20260822T034337Z-firemarshal-qemu-br-crun-ltp-0/nacc-ltp-crun-results.tsv	1485	line_no_and_name	setreuid02 setreuid02
1487	setreuid03	PASS	initial_full_campaign	results/20260822T034337Z-firemarshal-qemu-br-crun-ltp-0/nacc-ltp-crun-results.tsv	1487	line_no_and_name	setreuid03 setreuid03
1489	setreuid04	PASS	initial_full_campaign	results/20260822T034337Z-firemarshal-qemu-br-crun-ltp-0/nacc-ltp-crun-results.tsv	1489	line_no_and_name	setreuid04 setreuid04
1491	setreuid05	PASS	initial_full_campaign	results/20260822T034337Z-firemarshal-qemu-br-crun-ltp-0/nacc-ltp-crun-results.tsv	1491	line_no_and_name	setreuid05 setreuid05
1493	setreuid06	PASS	initial_full_campaign	results/20260822T034337Z-firemarshal-qemu-br-crun-ltp-0/nacc-ltp-crun-results.tsv	1493	line_no_and_name	setreuid06 setreuid06
1495	setreuid07	PASS	initial_full_campaign	results/20260822T034337Z-firemarshal-qemu-br-crun-ltp-0/nacc-ltp-crun-results.tsv	1495	line_no_and_name	setreuid07 setreuid07
1498	setrlimit01	PASS	initial_full_campaign	results/20260822T034337Z-firemarshal-qemu-br-crun-ltp-0/nacc-ltp-crun-results.tsv	1498	line_no_and_name	setrlimit01 setrlimit01
1499	setrlimit02	PASS	initial_full_campaign	results/20260822T034337Z-firemarshal-qemu-br-crun-ltp-0/nacc-ltp-crun-results.tsv	1499	line_no_and_name	setrlimit02 setrlimit02
1500	setrlimit03	PASS	initial_full_campaign	results/20260822T034337Z-firemarshal-qemu-br-crun-ltp-0/nacc-ltp-crun-results.tsv	1500	line_no_and_name	setrlimit03 setrlimit03
1501	setrlimit04	PASS	initial_full_campaign	results/20260822T034337Z-firemarshal-qemu-br-crun-ltp-0/nacc-ltp-crun-results.tsv	1501	line_no_and_name	setrlimit04 setrlimit04
1502	setrlimit05	PASS	initial_full_campaign	results/20260822T034337Z-firemarshal-qemu-br-crun-ltp-0/nacc-ltp-crun-results.tsv	1502	line_no_and_name	setrlimit05 setrlimit05
1503	setrlimit06	PASS	initial_full_campaign	results/20260822T034337Z-firemarshal-qemu-br-crun-ltp-0/nacc-ltp-crun-results.tsv	1503	line_no_and_name	setrlimit06 setrlimit06
1505	setsid01	PASS	initial_full_campaign	results/20260822T034337Z-firemarshal-qemu-br-crun-ltp-0/nacc-ltp-crun-results.tsv	1505	line_no_and_name	setsid01 setsid01
1507	setsockopt01	PASS	initial_full_campaign	results/20260822T034337Z-firemarshal-qemu-br-crun-ltp-0/nacc-ltp-crun-results.tsv	1507	line_no_and_name	setsockopt01 setsockopt01
1508	setsockopt02	PASS	initial_full_campaign	results/20260822T034337Z-firemarshal-qemu-br-crun-ltp-0/nacc-ltp-crun-results.tsv	1508	line_no_and_name	setsockopt02 setsockopt02
1509	setsockopt03	PASS	initial_full_campaign	results/20260822T034337Z-firemarshal-qemu-br-crun-ltp-0/nacc-ltp-crun-results.tsv	1509	line_no_and_name	setsockopt03 setsockopt03
1510	setsockopt04	PASS	initial_full_campaign	results/20260822T034337Z-firemarshal-qemu-br-crun-ltp-0/nacc-ltp-crun-results.tsv	1510	line_no_and_name	setsockopt04 setsockopt04
1511	setsockopt05	PASS	initial_full_campaign	results/20260822T034337Z-firemarshal-qemu-br-crun-ltp-0/nacc-ltp-crun-results.tsv	1511	line_no_and_name	setsockopt05 setsockopt05
1512	setsockopt06	PASS	initial_full_campaign	results/20260822T034337Z-firemarshal-qemu-br-crun-ltp-0/nacc-ltp-crun-results.tsv	1512	line_no_and_name	setsockopt06 setsockopt06
1513	setsockopt07	PASS	initial_full_campaign	results/20260822T034337Z-firemarshal-qemu-br-crun-ltp-0/nacc-ltp-crun-results.tsv	1513	line_no_and_name	setsockopt07 setsockopt07
1514	setsockopt08	PASS	initial_full_campaign	results/20260822T034337Z-firemarshal-qemu-br-crun-ltp-0/nacc-ltp-crun-results.tsv	1514	line_no_and_name	setsockopt08 setsockopt08
1515	setsockopt09	PASS	initial_full_campaign	results/20260822T034337Z-firemarshal-qemu-br-crun-ltp-0/nacc-ltp-crun-results.tsv	1515	line_no_and_name	setsockopt09 setsockopt09
1516	setsockopt10	PASS	initial_full_campaign	results/20260822T034337Z-firemarshal-qemu-br-crun-ltp-0/nacc-ltp-crun-results.tsv	1516	line_no_and_name	setsockopt10 setsockopt10
1518	settimeofday01	PASS	initial_full_campaign	results/20260822T034337Z-firemarshal-qemu-br-crun-ltp-0/nacc-ltp-crun-results.tsv	1518	line_no_and_name	settimeofday01 settimeofday01
1519	settimeofday02	PASS	initial_full_campaign	results/20260822T034337Z-firemarshal-qemu-br-crun-ltp-0/nacc-ltp-crun-results.tsv	1519	line_no_and_name	settimeofday02 settimeofday02
1521	setuid01	PASS	initial_full_campaign	results/20260822T034337Z-firemarshal-qemu-br-crun-ltp-0/nacc-ltp-crun-results.tsv	1521	line_no_and_name	setuid01 setuid01
1523	setuid03	PASS	initial_full_campaign	results/20260822T034337Z-firemarshal-qemu-br-crun-ltp-0/nacc-ltp-crun-results.tsv	1523	line_no_and_name	setuid03 setuid03
1525	setuid04	PASS	initial_full_campaign	results/20260822T034337Z-firemarshal-qemu-br-crun-ltp-0/nacc-ltp-crun-results.tsv	1525	line_no_and_name	setuid04 setuid04
1528	setxattr01	PASS	initial_full_campaign	results/20260822T034337Z-firemarshal-qemu-br-crun-ltp-0/nacc-ltp-crun-results.tsv	1528	line_no_and_name	setxattr01 setxattr01
1529	setxattr02	PASS	initial_full_campaign	results/20260822T034337Z-firemarshal-qemu-br-crun-ltp-0/nacc-ltp-crun-results.tsv	1529	line_no_and_name	setxattr02 setxattr02
1530	setxattr03	PASS	initial_full_campaign	results/20260822T034337Z-firemarshal-qemu-br-crun-ltp-0/nacc-ltp-crun-results.tsv	1530	line_no_and_name	setxattr03 setxattr03
1532	shmat01	PASS	initial_full_campaign	results/20260822T034337Z-firemarshal-qemu-br-crun-ltp-0/nacc-ltp-crun-results.tsv	1532	line_no_and_name	shmat01 shmat01
1533	shmat02	PASS	initial_full_campaign	results/20260822T034337Z-firemarshal-qemu-br-crun-ltp-0/nacc-ltp-crun-results.tsv	1533	line_no_and_name	shmat02 shmat02
1534	shmat03	PASS	initial_full_campaign	results/20260822T034337Z-firemarshal-qemu-br-crun-ltp-0/nacc-ltp-crun-results.tsv	1534	line_no_and_name	shmat03 shmat03
1537	shmctl01	PASS	initial_full_campaign	results/20260822T034337Z-firemarshal-qemu-br-crun-ltp-0/nacc-ltp-crun-results.tsv	1537	line_no_and_name	shmctl01 shmctl01
1538	shmctl02	PASS	initial_full_campaign	results/20260822T034337Z-firemarshal-qemu-br-crun-ltp-0/nacc-ltp-crun-results.tsv	1538	line_no_and_name	shmctl02 shmctl02
1539	shmctl03	PASS	initial_full_campaign	results/20260822T034337Z-firemarshal-qemu-br-crun-ltp-0/nacc-ltp-crun-results.tsv	1539	line_no_and_name	shmctl03 shmctl03
1540	shmctl04	PASS	initial_full_campaign	results/20260822T034337Z-firemarshal-qemu-br-crun-ltp-0/nacc-ltp-crun-results.tsv	1540	line_no_and_name	shmctl04 shmctl04
1541	shmctl05	PASS	initial_full_campaign	results/20260822T034337Z-firemarshal-qemu-br-crun-ltp-0/nacc-ltp-crun-results.tsv	1541	line_no_and_name	shmctl05 shmctl05
1543	shmctl07	PASS	initial_full_campaign	results/20260822T034337Z-firemarshal-qemu-br-crun-ltp-0/nacc-ltp-crun-results.tsv	1543	line_no_and_name	shmctl07 shmctl07
1544	shmctl08	PASS	initial_full_campaign	results/20260822T034337Z-firemarshal-qemu-br-crun-ltp-0/nacc-ltp-crun-results.tsv	1544	line_no_and_name	shmctl08 shmctl08
1546	shmdt01	PASS	initial_full_campaign	results/20260822T034337Z-firemarshal-qemu-br-crun-ltp-0/nacc-ltp-crun-results.tsv	1546	line_no_and_name	shmdt01 shmdt01
1547	shmdt02	PASS	initial_full_campaign	results/20260822T034337Z-firemarshal-qemu-br-crun-ltp-0/nacc-ltp-crun-results.tsv	1547	line_no_and_name	shmdt02 shmdt02
1549	shmget02	PASS	initial_full_campaign	results/20260822T034337Z-firemarshal-qemu-br-crun-ltp-0/nacc-ltp-crun-results.tsv	1549	line_no_and_name	shmget02 shmget02
1550	shmget03	PASS	initial_full_campaign	results/20260822T034337Z-firemarshal-qemu-br-crun-ltp-0/nacc-ltp-crun-results.tsv	1550	line_no_and_name	shmget03 shmget03
1551	shmget04	PASS	initial_full_campaign	results/20260822T034337Z-firemarshal-qemu-br-crun-ltp-0/nacc-ltp-crun-results.tsv	1551	line_no_and_name	shmget04 shmget04
1552	shmget05	PASS	initial_full_campaign	results/20260822T034337Z-firemarshal-qemu-br-crun-ltp-0/nacc-ltp-crun-results.tsv	1552	line_no_and_name	shmget05 shmget05
1553	shmget06	PASS	initial_full_campaign	results/20260822T034337Z-firemarshal-qemu-br-crun-ltp-0/nacc-ltp-crun-results.tsv	1553	line_no_and_name	shmget06 shmget06
1555	shutdown01	PASS	initial_full_campaign	results/20260822T034337Z-firemarshal-qemu-br-crun-ltp-0/nacc-ltp-crun-results.tsv	1555	line_no_and_name	shutdown01 shutdown01
1556	shutdown02	PASS	initial_full_campaign	results/20260822T034337Z-firemarshal-qemu-br-crun-ltp-0/nacc-ltp-crun-results.tsv	1556	line_no_and_name	shutdown02 shutdown02
1558	sigaction01	PASS	initial_full_campaign	results/20260822T034337Z-firemarshal-qemu-br-crun-ltp-0/nacc-ltp-crun-results.tsv	1558	line_no_and_name	sigaction01 sigaction01
1559	sigaction02	PASS	initial_full_campaign	results/20260822T034337Z-firemarshal-qemu-br-crun-ltp-0/nacc-ltp-crun-results.tsv	1559	line_no_and_name	sigaction02 sigaction02
1561	sigaltstack01	PASS	initial_full_campaign	results/20260822T034337Z-firemarshal-qemu-br-crun-ltp-0/nacc-ltp-crun-results.tsv	1561	line_no_and_name	sigaltstack01 sigaltstack01
1562	sigaltstack02	PASS	initial_full_campaign	results/20260822T034337Z-firemarshal-qemu-br-crun-ltp-0/nacc-ltp-crun-results.tsv	1562	line_no_and_name	sigaltstack02 sigaltstack02
1565	sighold02	PASS	initial_full_campaign	results/20260822T034337Z-firemarshal-qemu-br-crun-ltp-0/nacc-ltp-crun-results.tsv	1565	line_no_and_name	sighold02 sighold02
1567	signal01	PASS	initial_full_campaign	results/20260822T034337Z-firemarshal-qemu-br-crun-ltp-0/nacc-ltp-crun-results.tsv	1567	line_no_and_name	signal01 signal01
1568	signal02	PASS	initial_full_campaign	results/20260822T034337Z-firemarshal-qemu-br-crun-ltp-0/nacc-ltp-crun-results.tsv	1568	line_no_and_name	signal02 signal02
1569	signal03	PASS	initial_full_campaign	results/20260822T034337Z-firemarshal-qemu-br-crun-ltp-0/nacc-ltp-crun-results.tsv	1569	line_no_and_name	signal03 signal03
1570	signal04	PASS	initial_full_campaign	results/20260822T034337Z-firemarshal-qemu-br-crun-ltp-0/nacc-ltp-crun-results.tsv	1570	line_no_and_name	signal04 signal04
1571	signal05	PASS	initial_full_campaign	results/20260822T034337Z-firemarshal-qemu-br-crun-ltp-0/nacc-ltp-crun-results.tsv	1571	line_no_and_name	signal05 signal05
1574	signalfd01	PASS	initial_full_campaign	results/20260822T034337Z-firemarshal-qemu-br-crun-ltp-0/nacc-ltp-crun-results.tsv	1574	line_no_and_name	signalfd01 signalfd01
1575	signalfd02	PASS	initial_full_campaign	results/20260822T034337Z-firemarshal-qemu-br-crun-ltp-0/nacc-ltp-crun-results.tsv	1575	line_no_and_name	signalfd02 signalfd02
1577	signalfd4_01	PASS	initial_full_campaign	results/20260822T034337Z-firemarshal-qemu-br-crun-ltp-0/nacc-ltp-crun-results.tsv	1577	line_no_and_name	signalfd4_01 signalfd4_01
1578	signalfd4_02	PASS	initial_full_campaign	results/20260822T034337Z-firemarshal-qemu-br-crun-ltp-0/nacc-ltp-crun-results.tsv	1578	line_no_and_name	signalfd4_02 signalfd4_02
1580	sigpending02	PASS	initial_full_campaign	results/20260822T034337Z-firemarshal-qemu-br-crun-ltp-0/nacc-ltp-crun-results.tsv	1580	line_no_and_name	sigpending02 sigpending02
1582	sigprocmask01	PASS	initial_full_campaign	results/20260822T034337Z-firemarshal-qemu-br-crun-ltp-0/nacc-ltp-crun-results.tsv	1582	line_no_and_name	sigprocmask01 sigprocmask01
1584	sigrelse01	PASS	initial_full_campaign	results/20260822T034337Z-firemarshal-qemu-br-crun-ltp-0/nacc-ltp-crun-results.tsv	1584	line_no_and_name	sigrelse01 sigrelse01
1586	sigsuspend01	PASS	initial_full_campaign	results/20260822T034337Z-firemarshal-qemu-br-crun-ltp-0/nacc-ltp-crun-results.tsv	1586	line_no_and_name	sigsuspend01 sigsuspend01
1587	sigsuspend02	PASS	initial_full_campaign	results/20260822T034337Z-firemarshal-qemu-br-crun-ltp-0/nacc-ltp-crun-results.tsv	1587	line_no_and_name	sigsuspend02 sigsuspend02
1589	sigtimedwait01	PASS	initial_full_campaign	results/20260822T034337Z-firemarshal-qemu-br-crun-ltp-0/nacc-ltp-crun-results.tsv	1589	line_no_and_name	sigtimedwait01 sigtimedwait01
1591	sigwait01	PASS	initial_full_campaign	results/20260822T034337Z-firemarshal-qemu-br-crun-ltp-0/nacc-ltp-crun-results.tsv	1591	line_no_and_name	sigwait01 sigwait01
1592	sigwaitinfo01	PASS	initial_full_campaign	results/20260822T034337Z-firemarshal-qemu-br-crun-ltp-0/nacc-ltp-crun-results.tsv	1592	line_no_and_name	sigwaitinfo01 sigwaitinfo01
1594	socket01	PASS	initial_full_campaign	results/20260822T034337Z-firemarshal-qemu-br-crun-ltp-0/nacc-ltp-crun-results.tsv	1594	line_no_and_name	socket01 socket01
1595	socket02	PASS	initial_full_campaign	results/20260822T034337Z-firemarshal-qemu-br-crun-ltp-0/nacc-ltp-crun-results.tsv	1595	line_no_and_name	socket02 socket02
1601	socketpair01	PASS	initial_full_campaign	results/20260822T034337Z-firemarshal-qemu-br-crun-ltp-0/nacc-ltp-crun-results.tsv	1601	line_no_and_name	socketpair01 socketpair01
1602	socketpair02	PASS	initial_full_campaign	results/20260822T034337Z-firemarshal-qemu-br-crun-ltp-0/nacc-ltp-crun-results.tsv	1602	line_no_and_name	socketpair02 socketpair02
1604	sockioctl01	PASS	initial_full_campaign	results/20260822T034337Z-firemarshal-qemu-br-crun-ltp-0/nacc-ltp-crun-results.tsv	1604	line_no_and_name	sockioctl01 sockioctl01
1606	splice01	PASS	initial_full_campaign	results/20260822T034337Z-firemarshal-qemu-br-crun-ltp-0/nacc-ltp-crun-results.tsv	1606	line_no_and_name	splice01 splice01
1607	splice02	PASS	initial_full_campaign	results/20260822T034337Z-firemarshal-qemu-br-crun-ltp-0/nacc-ltp-crun-results.tsv	1607	line_no_and_name	splice02 splice02
1608	splice03	PASS	initial_full_campaign	results/20260822T034337Z-firemarshal-qemu-br-crun-ltp-0/nacc-ltp-crun-results.tsv	1608	line_no_and_name	splice03 splice03
1609	splice04	PASS	initial_full_campaign	results/20260822T034337Z-firemarshal-qemu-br-crun-ltp-0/nacc-ltp-crun-results.tsv	1609	line_no_and_name	splice04 splice04
1610	splice05	PASS	initial_full_campaign	results/20260822T034337Z-firemarshal-qemu-br-crun-ltp-0/nacc-ltp-crun-results.tsv	1610	line_no_and_name	splice05 splice05
1611	splice06	PASS	initial_full_campaign	results/20260822T034337Z-firemarshal-qemu-br-crun-ltp-0/nacc-ltp-crun-results.tsv	1611	line_no_and_name	splice06 splice06
1612	splice07	PASS	initial_full_campaign	results/20260822T034337Z-firemarshal-qemu-br-crun-ltp-0/nacc-ltp-crun-results.tsv	1612	line_no_and_name	splice07 splice07
1616	tee01	PASS	initial_full_campaign	results/20260822T034337Z-firemarshal-qemu-br-crun-ltp-0/nacc-ltp-crun-results.tsv	1616	line_no_and_name	tee01 tee01
1617	tee02	PASS	initial_full_campaign	results/20260822T034337Z-firemarshal-qemu-br-crun-ltp-0/nacc-ltp-crun-results.tsv	1617	line_no_and_name	tee02 tee02
1621	stat01	PASS	initial_full_campaign	results/20260822T034337Z-firemarshal-qemu-br-crun-ltp-0/nacc-ltp-crun-results.tsv	1621	line_no_and_name	stat01 stat01
1622	stat01_64	PASS	initial_full_campaign	results/20260822T034337Z-firemarshal-qemu-br-crun-ltp-0/nacc-ltp-crun-results.tsv	1622	line_no_and_name	stat01_64 stat01_64
1623	stat02	PASS	initial_full_campaign	results/20260822T034337Z-firemarshal-qemu-br-crun-ltp-0/nacc-ltp-crun-results.tsv	1623	line_no_and_name	stat02 stat02
1624	stat02_64	PASS	initial_full_campaign	results/20260822T034337Z-firemarshal-qemu-br-crun-ltp-0/nacc-ltp-crun-results.tsv	1624	line_no_and_name	stat02_64 stat02_64
1625	stat03	PASS	initial_full_campaign	results/20260822T034337Z-firemarshal-qemu-br-crun-ltp-0/nacc-ltp-crun-results.tsv	1625	line_no_and_name	stat03 stat03
1626	stat03_64	PASS	initial_full_campaign	results/20260822T034337Z-firemarshal-qemu-br-crun-ltp-0/nacc-ltp-crun-results.tsv	1626	line_no_and_name	stat03_64 stat03_64
1627	stat04	PASS	initial_full_campaign	results/20260822T034337Z-firemarshal-qemu-br-crun-ltp-0/nacc-ltp-crun-results.tsv	1627	line_no_and_name	stat04 stat04
1628	stat04_64	PASS	initial_full_campaign	results/20260822T034337Z-firemarshal-qemu-br-crun-ltp-0/nacc-ltp-crun-results.tsv	1628	line_no_and_name	stat04_64 stat04_64
1640	statfs01	PASS	initial_full_campaign	results/20260822T034337Z-firemarshal-qemu-br-crun-ltp-0/nacc-ltp-crun-results.tsv	1640	line_no_and_name	statfs01 statfs01
1641	statfs01_64	PASS	initial_full_campaign	results/20260822T034337Z-firemarshal-qemu-br-crun-ltp-0/nacc-ltp-crun-results.tsv	1641	line_no_and_name	statfs01_64 statfs01_64
1642	statfs02	PASS	initial_full_campaign	results/20260822T034337Z-firemarshal-qemu-br-crun-ltp-0/nacc-ltp-crun-results.tsv	1642	line_no_and_name	statfs02 statfs02
1643	statfs02_64	PASS	initial_full_campaign	results/20260822T034337Z-firemarshal-qemu-br-crun-ltp-0/nacc-ltp-crun-results.tsv	1643	line_no_and_name	statfs02_64 statfs02_64
1644	statfs03	PASS	initial_full_campaign	results/20260822T034337Z-firemarshal-qemu-br-crun-ltp-0/nacc-ltp-crun-results.tsv	1644	line_no_and_name	statfs03 statfs03
1645	statfs03_64	PASS	initial_full_campaign	results/20260822T034337Z-firemarshal-qemu-br-crun-ltp-0/nacc-ltp-crun-results.tsv	1645	line_no_and_name	statfs03_64 statfs03_64
1647	statvfs01	PASS	initial_full_campaign	results/20260822T034337Z-firemarshal-qemu-br-crun-ltp-0/nacc-ltp-crun-results.tsv	1647	line_no_and_name	statvfs01 statvfs01
1648	statvfs02	PASS	initial_full_campaign	results/20260822T034337Z-firemarshal-qemu-br-crun-ltp-0/nacc-ltp-crun-results.tsv	1648	line_no_and_name	statvfs02 statvfs02
1650	stime01	PASS	initial_full_campaign	results/20260822T034337Z-firemarshal-qemu-br-crun-ltp-0/nacc-ltp-crun-results.tsv	1650	line_no_and_name	stime01 stime01
1651	stime02	PASS	initial_full_campaign	results/20260822T034337Z-firemarshal-qemu-br-crun-ltp-0/nacc-ltp-crun-results.tsv	1651	line_no_and_name	stime02 stime02
1653	string01	PASS	initial_full_campaign	results/20260822T034337Z-firemarshal-qemu-br-crun-ltp-0/nacc-ltp-crun-results.tsv	1653	line_no_and_name	string01 string01
1655	swapoff01	PASS	initial_full_campaign	results/20260822T034337Z-firemarshal-qemu-br-crun-ltp-0/nacc-ltp-crun-results.tsv	1655	line_no_and_name	swapoff01 swapoff01
1656	swapoff02	PASS	initial_full_campaign	results/20260822T034337Z-firemarshal-qemu-br-crun-ltp-0/nacc-ltp-crun-results.tsv	1656	line_no_and_name	swapoff02 swapoff02
1658	swapon01	PASS	initial_full_campaign	results/20260822T034337Z-firemarshal-qemu-br-crun-ltp-0/nacc-ltp-crun-results.tsv	1658	line_no_and_name	swapon01 swapon01
1659	swapon02	PASS	initial_full_campaign	results/20260822T034337Z-firemarshal-qemu-br-crun-ltp-0/nacc-ltp-crun-results.tsv	1659	line_no_and_name	swapon02 swapon02
1660	swapon03	PASS	initial_full_campaign	results/20260822T034337Z-firemarshal-qemu-br-crun-ltp-0/nacc-ltp-crun-results.tsv	1660	line_no_and_name	swapon03 swapon03
1665	symlink02	PASS	initial_full_campaign	results/20260822T034337Z-firemarshal-qemu-br-crun-ltp-0/nacc-ltp-crun-results.tsv	1665	line_no_and_name	symlink02 symlink02
1666	symlink03	PASS	initial_full_campaign	results/20260822T034337Z-firemarshal-qemu-br-crun-ltp-0/nacc-ltp-crun-results.tsv	1666	line_no_and_name	symlink03 symlink03
1667	symlink04	PASS	initial_full_campaign	results/20260822T034337Z-firemarshal-qemu-br-crun-ltp-0/nacc-ltp-crun-results.tsv	1667	line_no_and_name	symlink04 symlink04
1670	symlinkat01	PASS	initial_full_campaign	results/20260822T034337Z-firemarshal-qemu-br-crun-ltp-0/nacc-ltp-crun-results.tsv	1670	line_no_and_name	symlinkat01 symlinkat01
1672	sync01	PASS	initial_full_campaign	results/20260822T034337Z-firemarshal-qemu-br-crun-ltp-0/nacc-ltp-crun-results.tsv	1672	line_no_and_name	sync01 sync01
1674	syncfs01	PASS	initial_full_campaign	results/20260822T034337Z-firemarshal-qemu-br-crun-ltp-0/nacc-ltp-crun-results.tsv	1674	line_no_and_name	syncfs01 syncfs01
1677	sync_file_range01	PASS	initial_full_campaign	results/20260822T034337Z-firemarshal-qemu-br-crun-ltp-0/nacc-ltp-crun-results.tsv	1677	line_no_and_name	sync_file_range01 sync_file_range01
1678	sync_file_range02	PASS	initial_full_campaign	results/20260822T034337Z-firemarshal-qemu-br-crun-ltp-0/nacc-ltp-crun-results.tsv	1678	line_no_and_name	sync_file_range02 sync_file_range02
1680	syscall01	PASS	initial_full_campaign	results/20260822T034337Z-firemarshal-qemu-br-crun-ltp-0/nacc-ltp-crun-results.tsv	1680	line_no_and_name	syscall01 syscall01
1682	sysconf01	PASS	initial_full_campaign	results/20260822T034337Z-firemarshal-qemu-br-crun-ltp-0/nacc-ltp-crun-results.tsv	1682	line_no_and_name	sysconf01 sysconf01
1694	sysinfo01	PASS	initial_full_campaign	results/20260822T034337Z-firemarshal-qemu-br-crun-ltp-0/nacc-ltp-crun-results.tsv	1694	line_no_and_name	sysinfo01 sysinfo01
1695	sysinfo02	PASS	initial_full_campaign	results/20260822T034337Z-firemarshal-qemu-br-crun-ltp-0/nacc-ltp-crun-results.tsv	1695	line_no_and_name	sysinfo02 sysinfo02
1696	sysinfo03	PASS	initial_full_campaign	results/20260822T034337Z-firemarshal-qemu-br-crun-ltp-0/nacc-ltp-crun-results.tsv	1696	line_no_and_name	sysinfo03 sysinfo03
1698	syslog11	PASS	initial_full_campaign	results/20260822T034337Z-firemarshal-qemu-br-crun-ltp-0/nacc-ltp-crun-results.tsv	1698	line_no_and_name	syslog11 syslog11
1699	syslog12	PASS	initial_full_campaign	results/20260822T034337Z-firemarshal-qemu-br-crun-ltp-0/nacc-ltp-crun-results.tsv	1699	line_no_and_name	syslog12 syslog12
1701	tgkill01	PASS	initial_full_campaign	results/20260822T034337Z-firemarshal-qemu-br-crun-ltp-0/nacc-ltp-crun-results.tsv	1701	line_no_and_name	tgkill01 tgkill01
1702	tgkill02	PASS	initial_full_campaign	results/20260822T034337Z-firemarshal-qemu-br-crun-ltp-0/nacc-ltp-crun-results.tsv	1702	line_no_and_name	tgkill02 tgkill02
1703	tgkill03	PASS	initial_full_campaign	results/20260822T034337Z-firemarshal-qemu-br-crun-ltp-0/nacc-ltp-crun-results.tsv	1703	line_no_and_name	tgkill03 tgkill03
1705	time01	PASS	initial_full_campaign	results/20260822T034337Z-firemarshal-qemu-br-crun-ltp-0/nacc-ltp-crun-results.tsv	1705	line_no_and_name	time01 time01
1707	times01	PASS	initial_full_campaign	results/20260822T034337Z-firemarshal-qemu-br-crun-ltp-0/nacc-ltp-crun-results.tsv	1707	line_no_and_name	times01 times01
1708	times03	PASS	initial_full_campaign	results/20260822T034337Z-firemarshal-qemu-br-crun-ltp-0/nacc-ltp-crun-results.tsv	1708	line_no_and_name	times03 times03
1712	timerfd01	PASS	initial_full_campaign	results/20260822T034337Z-firemarshal-qemu-br-crun-ltp-0/nacc-ltp-crun-results.tsv	1712	line_no_and_name	timerfd01 timerfd01
1713	timerfd02	PASS	initial_full_campaign	results/20260822T034337Z-firemarshal-qemu-br-crun-ltp-0/nacc-ltp-crun-results.tsv	1713	line_no_and_name	timerfd02 timerfd02
1714	timerfd04	PASS	initial_full_campaign	results/20260822T034337Z-firemarshal-qemu-br-crun-ltp-0/nacc-ltp-crun-results.tsv	1714	line_no_and_name	timerfd04 timerfd04
1715	timerfd_create01	PASS	initial_full_campaign	results/20260822T034337Z-firemarshal-qemu-br-crun-ltp-0/nacc-ltp-crun-results.tsv	1715	line_no_and_name	timerfd_create01 timerfd_create01
1716	timerfd_gettime01	PASS	initial_full_campaign	results/20260822T034337Z-firemarshal-qemu-br-crun-ltp-0/nacc-ltp-crun-results.tsv	1716	line_no_and_name	timerfd_gettime01 timerfd_gettime01
1717	timerfd_settime01	PASS	initial_full_campaign	results/20260822T034337Z-firemarshal-qemu-br-crun-ltp-0/nacc-ltp-crun-results.tsv	1717	line_no_and_name	timerfd_settime01 timerfd_settime01
1718	timerfd_settime02	PASS	initial_full_campaign	results/20260822T034337Z-firemarshal-qemu-br-crun-ltp-0/nacc-ltp-crun-results.tsv	1718	line_no_and_name	timerfd_settime02 timerfd_settime02
1720	timer_create01	PASS	initial_full_campaign	results/20260822T034337Z-firemarshal-qemu-br-crun-ltp-0/nacc-ltp-crun-results.tsv	1720	line_no_and_name	timer_create01 timer_create01
1721	timer_create02	PASS	initial_full_campaign	results/20260822T034337Z-firemarshal-qemu-br-crun-ltp-0/nacc-ltp-crun-results.tsv	1721	line_no_and_name	timer_create02 timer_create02
1722	timer_create03	PASS	initial_full_campaign	results/20260822T034337Z-firemarshal-qemu-br-crun-ltp-0/nacc-ltp-crun-results.tsv	1722	line_no_and_name	timer_create03 timer_create03
1724	timer_delete01	PASS	initial_full_campaign	results/20260822T034337Z-firemarshal-qemu-br-crun-ltp-0/nacc-ltp-crun-results.tsv	1724	line_no_and_name	timer_delete01 timer_delete01
1725	timer_delete02	PASS	initial_full_campaign	results/20260822T034337Z-firemarshal-qemu-br-crun-ltp-0/nacc-ltp-crun-results.tsv	1725	line_no_and_name	timer_delete02 timer_delete02
1727	timer_getoverrun01	PASS	initial_full_campaign	results/20260822T034337Z-firemarshal-qemu-br-crun-ltp-0/nacc-ltp-crun-results.tsv	1727	line_no_and_name	timer_getoverrun01 timer_getoverrun01
1728	timer_gettime01	PASS	initial_full_campaign	results/20260822T034337Z-firemarshal-qemu-br-crun-ltp-0/nacc-ltp-crun-results.tsv	1728	line_no_and_name	timer_gettime01 timer_gettime01
1730	timer_settime01	PASS	initial_full_campaign	results/20260822T034337Z-firemarshal-qemu-br-crun-ltp-0/nacc-ltp-crun-results.tsv	1730	line_no_and_name	timer_settime01 timer_settime01
1731	timer_settime02	PASS	initial_full_campaign	results/20260822T034337Z-firemarshal-qemu-br-crun-ltp-0/nacc-ltp-crun-results.tsv	1731	line_no_and_name	timer_settime02 timer_settime02
1732	timer_settime03	PASS	initial_full_campaign	results/20260822T034337Z-firemarshal-qemu-br-crun-ltp-0/nacc-ltp-crun-results.tsv	1732	line_no_and_name	timer_settime03 timer_settime03
1734	tkill01	PASS	initial_full_campaign	results/20260822T034337Z-firemarshal-qemu-br-crun-ltp-0/nacc-ltp-crun-results.tsv	1734	line_no_and_name	tkill01 tkill01
1735	tkill02	PASS	initial_full_campaign	results/20260822T034337Z-firemarshal-qemu-br-crun-ltp-0/nacc-ltp-crun-results.tsv	1735	line_no_and_name	tkill02 tkill02
1737	truncate02	PASS	initial_full_campaign	results/20260822T034337Z-firemarshal-qemu-br-crun-ltp-0/nacc-ltp-crun-results.tsv	1737	line_no_and_name	truncate02 truncate02
1738	truncate02_64	PASS	initial_full_campaign	results/20260822T034337Z-firemarshal-qemu-br-crun-ltp-0/nacc-ltp-crun-results.tsv	1738	line_no_and_name	truncate02_64 truncate02_64
1739	truncate03	PASS	initial_full_campaign	results/20260822T034337Z-firemarshal-qemu-br-crun-ltp-0/nacc-ltp-crun-results.tsv	1739	line_no_and_name	truncate03 truncate03
1740	truncate03_64	PASS	initial_full_campaign	results/20260822T034337Z-firemarshal-qemu-br-crun-ltp-0/nacc-ltp-crun-results.tsv	1740	line_no_and_name	truncate03_64 truncate03_64
1746	ulimit01	PASS	initial_full_campaign	results/20260822T034337Z-firemarshal-qemu-br-crun-ltp-0/nacc-ltp-crun-results.tsv	1746	line_no_and_name	ulimit01 ulimit01
1748	umask01	PASS	initial_full_campaign	results/20260822T034337Z-firemarshal-qemu-br-crun-ltp-0/nacc-ltp-crun-results.tsv	1748	line_no_and_name	umask01 umask01
1750	uname01	PASS	initial_full_campaign	results/20260822T034337Z-firemarshal-qemu-br-crun-ltp-0/nacc-ltp-crun-results.tsv	1750	line_no_and_name	uname01 uname01
1751	uname02	PASS	initial_full_campaign	results/20260822T034337Z-firemarshal-qemu-br-crun-ltp-0/nacc-ltp-crun-results.tsv	1751	line_no_and_name	uname02 uname02
1752	uname04	PASS	initial_full_campaign	results/20260822T034337Z-firemarshal-qemu-br-crun-ltp-0/nacc-ltp-crun-results.tsv	1752	line_no_and_name	uname04 uname04
1754	unlink05	PASS	initial_full_campaign	results/20260822T034337Z-firemarshal-qemu-br-crun-ltp-0/nacc-ltp-crun-results.tsv	1754	line_no_and_name	unlink05 unlink05
1755	unlink07	PASS	initial_full_campaign	results/20260822T034337Z-firemarshal-qemu-br-crun-ltp-0/nacc-ltp-crun-results.tsv	1755	line_no_and_name	unlink07 unlink07
1756	unlink08	PASS	initial_full_campaign	results/20260822T034337Z-firemarshal-qemu-br-crun-ltp-0/nacc-ltp-crun-results.tsv	1756	line_no_and_name	unlink08 unlink08
1757	unlink09	PASS	initial_full_campaign	results/20260822T034337Z-firemarshal-qemu-br-crun-ltp-0/nacc-ltp-crun-results.tsv	1757	line_no_and_name	unlink09 unlink09
1758	unlink10	PASS	initial_full_campaign	results/20260822T034337Z-firemarshal-qemu-br-crun-ltp-0/nacc-ltp-crun-results.tsv	1758	line_no_and_name	unlink10 unlink10
1761	unlinkat01	PASS	initial_full_campaign	results/20260822T034337Z-firemarshal-qemu-br-crun-ltp-0/nacc-ltp-crun-results.tsv	1761	line_no_and_name	unlinkat01 unlinkat01
1763	unshare01	PASS	initial_full_campaign	results/20260822T034337Z-firemarshal-qemu-br-crun-ltp-0/nacc-ltp-crun-results.tsv	1763	line_no_and_name	unshare01 unshare01
1764	unshare02	PASS	initial_full_campaign	results/20260822T034337Z-firemarshal-qemu-br-crun-ltp-0/nacc-ltp-crun-results.tsv	1764	line_no_and_name	unshare02 unshare02
1765	unshare03	PASS	initial_full_campaign	results/20260822T034337Z-firemarshal-qemu-br-crun-ltp-0/nacc-ltp-crun-results.tsv	1765	line_no_and_name	unshare03 unshare03
1766	unshare04	PASS	initial_full_campaign	results/20260822T034337Z-firemarshal-qemu-br-crun-ltp-0/nacc-ltp-crun-results.tsv	1766	line_no_and_name	unshare04 unshare04
1767	unshare05	PASS	initial_full_campaign	results/20260822T034337Z-firemarshal-qemu-br-crun-ltp-0/nacc-ltp-crun-results.tsv	1767	line_no_and_name	unshare05 unshare05
1774	umount01	PASS	initial_full_campaign	results/20260822T034337Z-firemarshal-qemu-br-crun-ltp-0/nacc-ltp-crun-results.tsv	1774	line_no_and_name	umount01 umount01
1775	umount02	PASS	initial_full_campaign	results/20260822T034337Z-firemarshal-qemu-br-crun-ltp-0/nacc-ltp-crun-results.tsv	1775	line_no_and_name	umount02 umount02
1776	umount03	PASS	initial_full_campaign	results/20260822T034337Z-firemarshal-qemu-br-crun-ltp-0/nacc-ltp-crun-results.tsv	1776	line_no_and_name	umount03 umount03
1778	umount2_01	PASS	initial_full_campaign	results/20260822T034337Z-firemarshal-qemu-br-crun-ltp-0/nacc-ltp-crun-results.tsv	1778	line_no_and_name	umount2_01 umount2_01
1779	umount2_02	PASS	initial_full_campaign	results/20260822T034337Z-firemarshal-qemu-br-crun-ltp-0/nacc-ltp-crun-results.tsv	1779	line_no_and_name	umount2_02 umount2_02
1781	userfaultfd01	PASS	initial_full_campaign	results/20260822T034337Z-firemarshal-qemu-br-crun-ltp-0/nacc-ltp-crun-results.tsv	1781	line_no_and_name	userfaultfd01 userfaultfd01
1783	userfaultfd03	PASS	initial_full_campaign	results/20260822T034337Z-firemarshal-qemu-br-crun-ltp-0/nacc-ltp-crun-results.tsv	1783	line_no_and_name	userfaultfd03 userfaultfd03
1784	userfaultfd04	PASS	initial_full_campaign	results/20260822T034337Z-firemarshal-qemu-br-crun-ltp-0/nacc-ltp-crun-results.tsv	1784	line_no_and_name	userfaultfd04 userfaultfd04
1786	userfaultfd06	PASS	initial_full_campaign	results/20260822T034337Z-firemarshal-qemu-br-crun-ltp-0/nacc-ltp-crun-results.tsv	1786	line_no_and_name	userfaultfd06 userfaultfd06
1791	utime01	PASS	initial_full_campaign	results/20260822T034337Z-firemarshal-qemu-br-crun-ltp-0/nacc-ltp-crun-results.tsv	1791	line_no_and_name	utime01 utime01
1792	utime02	PASS	initial_full_campaign	results/20260822T034337Z-firemarshal-qemu-br-crun-ltp-0/nacc-ltp-crun-results.tsv	1792	line_no_and_name	utime02 utime02
1793	utime03	PASS	initial_full_campaign	results/20260822T034337Z-firemarshal-qemu-br-crun-ltp-0/nacc-ltp-crun-results.tsv	1793	line_no_and_name	utime03 utime03
1794	utime04	PASS	initial_full_campaign	results/20260822T034337Z-firemarshal-qemu-br-crun-ltp-0/nacc-ltp-crun-results.tsv	1794	line_no_and_name	utime04 utime04
1795	utime05	PASS	initial_full_campaign	results/20260822T034337Z-firemarshal-qemu-br-crun-ltp-0/nacc-ltp-crun-results.tsv	1795	line_no_and_name	utime05 utime05
1796	utime06	PASS	initial_full_campaign	results/20260822T034337Z-firemarshal-qemu-br-crun-ltp-0/nacc-ltp-crun-results.tsv	1796	line_no_and_name	utime06 utime06
1797	utime07	PASS	initial_full_campaign	results/20260822T034337Z-firemarshal-qemu-br-crun-ltp-0/nacc-ltp-crun-results.tsv	1797	line_no_and_name	utime07 utime07
1799	utimes01	PASS	initial_full_campaign	results/20260822T034337Z-firemarshal-qemu-br-crun-ltp-0/nacc-ltp-crun-results.tsv	1799	line_no_and_name	utimes01 utimes01
1802	utimensat01	PASS	initial_full_campaign	results/20260822T034337Z-firemarshal-qemu-br-crun-ltp-0/nacc-ltp-crun-results.tsv	1802	line_no_and_name	utimensat01 utimensat01
1804	vfork01	PASS	initial_full_campaign	results/20260822T034337Z-firemarshal-qemu-br-crun-ltp-0/nacc-ltp-crun-results.tsv	1804	line_no_and_name	vfork01 vfork01
1805	vfork02	PASS	initial_full_campaign	results/20260822T034337Z-firemarshal-qemu-br-crun-ltp-0/nacc-ltp-crun-results.tsv	1805	line_no_and_name	vfork02 vfork02
1807	vhangup01	PASS	initial_full_campaign	results/20260822T034337Z-firemarshal-qemu-br-crun-ltp-0/nacc-ltp-crun-results.tsv	1807	line_no_and_name	vhangup01 vhangup01
1808	vhangup02	PASS	initial_full_campaign	results/20260822T034337Z-firemarshal-qemu-br-crun-ltp-0/nacc-ltp-crun-results.tsv	1808	line_no_and_name	vhangup02 vhangup02
1811	vmsplice01	PASS	initial_full_campaign	results/20260822T034337Z-firemarshal-qemu-br-crun-ltp-0/nacc-ltp-crun-results.tsv	1811	line_no_and_name	vmsplice01 vmsplice01
1812	vmsplice02	PASS	initial_full_campaign	results/20260822T034337Z-firemarshal-qemu-br-crun-ltp-0/nacc-ltp-crun-results.tsv	1812	line_no_and_name	vmsplice02 vmsplice02
1813	vmsplice03	PASS	initial_full_campaign	results/20260822T034337Z-firemarshal-qemu-br-crun-ltp-0/nacc-ltp-crun-results.tsv	1813	line_no_and_name	vmsplice03 vmsplice03
1814	vmsplice04	PASS	initial_full_campaign	results/20260822T034337Z-firemarshal-qemu-br-crun-ltp-0/nacc-ltp-crun-results.tsv	1814	line_no_and_name	vmsplice04 vmsplice04
1816	wait01	PASS	initial_full_campaign	results/20260822T034337Z-firemarshal-qemu-br-crun-ltp-0/nacc-ltp-crun-results.tsv	1816	line_no_and_name	wait01 wait01
1817	wait02	PASS	initial_full_campaign	results/20260822T034337Z-firemarshal-qemu-br-crun-ltp-0/nacc-ltp-crun-results.tsv	1817	line_no_and_name	wait02 wait02
1819	wait401	PASS	initial_full_campaign	results/20260822T034337Z-firemarshal-qemu-br-crun-ltp-0/nacc-ltp-crun-results.tsv	1819	line_no_and_name	wait401 wait401
1820	wait402	PASS	initial_full_campaign	results/20260822T034337Z-firemarshal-qemu-br-crun-ltp-0/nacc-ltp-crun-results.tsv	1820	line_no_and_name	wait402 wait402
1821	wait403	PASS	initial_full_campaign	results/20260822T034337Z-firemarshal-qemu-br-crun-ltp-0/nacc-ltp-crun-results.tsv	1821	line_no_and_name	wait403 wait403
1823	waitpid01	PASS	initial_full_campaign	results/20260822T034337Z-firemarshal-qemu-br-crun-ltp-0/nacc-ltp-crun-results.tsv	1823	line_no_and_name	waitpid01 waitpid01
1824	waitpid03	PASS	initial_full_campaign	results/20260822T034337Z-firemarshal-qemu-br-crun-ltp-0/nacc-ltp-crun-results.tsv	1824	line_no_and_name	waitpid03 waitpid03
1825	waitpid04	PASS	initial_full_campaign	results/20260822T034337Z-firemarshal-qemu-br-crun-ltp-0/nacc-ltp-crun-results.tsv	1825	line_no_and_name	waitpid04 waitpid04
1826	waitpid06	PASS	initial_full_campaign	results/20260822T034337Z-firemarshal-qemu-br-crun-ltp-0/nacc-ltp-crun-results.tsv	1826	line_no_and_name	waitpid06 waitpid06
1827	waitpid07	PASS	initial_full_campaign	results/20260822T034337Z-firemarshal-qemu-br-crun-ltp-0/nacc-ltp-crun-results.tsv	1827	line_no_and_name	waitpid07 waitpid07
1828	waitpid08	PASS	initial_full_campaign	results/20260822T034337Z-firemarshal-qemu-br-crun-ltp-0/nacc-ltp-crun-results.tsv	1828	line_no_and_name	waitpid08 waitpid08
1829	waitpid09	PASS	initial_full_campaign	results/20260822T034337Z-firemarshal-qemu-br-crun-ltp-0/nacc-ltp-crun-results.tsv	1829	line_no_and_name	waitpid09 waitpid09
1830	waitpid10	PASS	initial_full_campaign	results/20260822T034337Z-firemarshal-qemu-br-crun-ltp-0/nacc-ltp-crun-results.tsv	1830	line_no_and_name	waitpid10 waitpid10
1831	waitpid11	PASS	initial_full_campaign	results/20260822T034337Z-firemarshal-qemu-br-crun-ltp-0/nacc-ltp-crun-results.tsv	1831	line_no_and_name	waitpid11 waitpid11
1832	waitpid12	PASS	initial_full_campaign	results/20260822T034337Z-firemarshal-qemu-br-crun-ltp-0/nacc-ltp-crun-results.tsv	1832	line_no_and_name	waitpid12 waitpid12
1833	waitpid13	PASS	initial_full_campaign	results/20260822T034337Z-firemarshal-qemu-br-crun-ltp-0/nacc-ltp-crun-results.tsv	1833	line_no_and_name	waitpid13 waitpid13
1835	waitid01	PASS	initial_full_campaign	results/20260822T034337Z-firemarshal-qemu-br-crun-ltp-0/nacc-ltp-crun-results.tsv	1835	line_no_and_name	waitid01 waitid01
1836	waitid02	PASS	initial_full_campaign	results/20260822T034337Z-firemarshal-qemu-br-crun-ltp-0/nacc-ltp-crun-results.tsv	1836	line_no_and_name	waitid02 waitid02
1837	waitid03	PASS	initial_full_campaign	results/20260822T034337Z-firemarshal-qemu-br-crun-ltp-0/nacc-ltp-crun-results.tsv	1837	line_no_and_name	waitid03 waitid03
1838	waitid04	PASS	initial_full_campaign	results/20260822T034337Z-firemarshal-qemu-br-crun-ltp-0/nacc-ltp-crun-results.tsv	1838	line_no_and_name	waitid04 waitid04
1839	waitid05	PASS	initial_full_campaign	results/20260822T034337Z-firemarshal-qemu-br-crun-ltp-0/nacc-ltp-crun-results.tsv	1839	line_no_and_name	waitid05 waitid05
1840	waitid06	PASS	initial_full_campaign	results/20260822T034337Z-firemarshal-qemu-br-crun-ltp-0/nacc-ltp-crun-results.tsv	1840	line_no_and_name	waitid06 waitid06
1841	waitid07	PASS	initial_full_campaign	results/20260822T034337Z-firemarshal-qemu-br-crun-ltp-0/nacc-ltp-crun-results.tsv	1841	line_no_and_name	waitid07 waitid07
1842	waitid08	PASS	initial_full_campaign	results/20260822T034337Z-firemarshal-qemu-br-crun-ltp-0/nacc-ltp-crun-results.tsv	1842	line_no_and_name	waitid08 waitid08
1843	waitid09	PASS	initial_full_campaign	results/20260822T034337Z-firemarshal-qemu-br-crun-ltp-0/nacc-ltp-crun-results.tsv	1843	line_no_and_name	waitid09 waitid09
1844	waitid10	PASS	initial_full_campaign	results/20260822T034337Z-firemarshal-qemu-br-crun-ltp-0/nacc-ltp-crun-results.tsv	1844	line_no_and_name	waitid10 waitid10
1845	waitid11	PASS	initial_full_campaign	results/20260822T034337Z-firemarshal-qemu-br-crun-ltp-0/nacc-ltp-crun-results.tsv	1845	line_no_and_name	waitid11 waitid11
1847	write01	PASS	initial_full_campaign	results/20260822T034337Z-firemarshal-qemu-br-crun-ltp-0/nacc-ltp-crun-results.tsv	1847	line_no_and_name	write01 write01
1848	write02	PASS	initial_full_campaign	results/20260822T034337Z-firemarshal-qemu-br-crun-ltp-0/nacc-ltp-crun-results.tsv	1848	line_no_and_name	write02 write02
1849	write03	PASS	initial_full_campaign	results/20260822T034337Z-firemarshal-qemu-br-crun-ltp-0/nacc-ltp-crun-results.tsv	1849	line_no_and_name	write03 write03
1850	write04	PASS	initial_full_campaign	results/20260822T034337Z-firemarshal-qemu-br-crun-ltp-0/nacc-ltp-crun-results.tsv	1850	line_no_and_name	write04 write04
1851	write05	PASS	initial_full_campaign	results/20260822T034337Z-firemarshal-qemu-br-crun-ltp-0/nacc-ltp-crun-results.tsv	1851	line_no_and_name	write05 write05
1852	write06	PASS	initial_full_campaign	results/20260822T034337Z-firemarshal-qemu-br-crun-ltp-0/nacc-ltp-crun-results.tsv	1852	line_no_and_name	write06 write06
1854	writev01	PASS	initial_full_campaign	results/20260822T034337Z-firemarshal-qemu-br-crun-ltp-0/nacc-ltp-crun-results.tsv	1854	line_no_and_name	writev01 writev01
1855	writev02	PASS	initial_full_campaign	results/20260822T034337Z-firemarshal-qemu-br-crun-ltp-0/nacc-ltp-crun-results.tsv	1855	line_no_and_name	writev02 writev02
1857	writev05	PASS	initial_full_campaign	results/20260822T034337Z-firemarshal-qemu-br-crun-ltp-0/nacc-ltp-crun-results.tsv	1857	line_no_and_name	writev05 writev05
1858	writev06	PASS	initial_full_campaign	results/20260822T034337Z-firemarshal-qemu-br-crun-ltp-0/nacc-ltp-crun-results.tsv	1858	line_no_and_name	writev06 writev06
1859	writev07	PASS	initial_full_campaign	results/20260822T034337Z-firemarshal-qemu-br-crun-ltp-0/nacc-ltp-crun-results.tsv	1859	line_no_and_name	writev07 writev07
1861	perf_event_open01	PASS	initial_full_campaign	results/20260822T034337Z-firemarshal-qemu-br-crun-ltp-0/nacc-ltp-crun-results.tsv	1861	line_no_and_name	perf_event_open01 perf_event_open01
1862	perf_event_open02	PASS	environment_recovery	results/20260823T153839Z-firemarshal-qemu-br-crun-ltp-0/nacc-ltp-crun-pass-entries.tsv	1862	line_no_and_name	perf_event_open02 perf_event_open02
1864	futex_cmp_requeue01	PASS	initial_full_campaign	results/20260822T034337Z-firemarshal-qemu-br-crun-ltp-0/nacc-ltp-crun-results.tsv	1864	line_no_and_name	futex_cmp_requeue01 futex_cmp_requeue01
1865	futex_cmp_requeue02	PASS	initial_full_campaign	results/20260822T034337Z-firemarshal-qemu-br-crun-ltp-0/nacc-ltp-crun-results.tsv	1865	line_no_and_name	futex_cmp_requeue02 futex_cmp_requeue02
1866	futex_wait01	PASS	initial_full_campaign	results/20260822T034337Z-firemarshal-qemu-br-crun-ltp-0/nacc-ltp-crun-results.tsv	1866	line_no_and_name	futex_wait01 futex_wait01
1867	futex_wait02	PASS	initial_full_campaign	results/20260822T034337Z-firemarshal-qemu-br-crun-ltp-0/nacc-ltp-crun-results.tsv	1867	line_no_and_name	futex_wait02 futex_wait02
1868	futex_wait03	PASS	initial_full_campaign	results/20260822T034337Z-firemarshal-qemu-br-crun-ltp-0/nacc-ltp-crun-results.tsv	1868	line_no_and_name	futex_wait03 futex_wait03
1869	futex_wait04	PASS	initial_full_campaign	results/20260822T034337Z-firemarshal-qemu-br-crun-ltp-0/nacc-ltp-crun-results.tsv	1869	line_no_and_name	futex_wait04 futex_wait04
1870	futex_wait05	PASS	initial_full_campaign	results/20260822T034337Z-firemarshal-qemu-br-crun-ltp-0/nacc-ltp-crun-results.tsv	1870	line_no_and_name	futex_wait05 futex_wait05
1871	futex_waitv01	PASS	initial_full_campaign	results/20260822T034337Z-firemarshal-qemu-br-crun-ltp-0/nacc-ltp-crun-results.tsv	1871	line_no_and_name	futex_waitv01 futex_waitv01
1872	futex_waitv02	PASS	initial_full_campaign	results/20260822T034337Z-firemarshal-qemu-br-crun-ltp-0/nacc-ltp-crun-results.tsv	1872	line_no_and_name	futex_waitv02 futex_waitv02
1873	futex_waitv03	PASS	initial_full_campaign	results/20260822T034337Z-firemarshal-qemu-br-crun-ltp-0/nacc-ltp-crun-results.tsv	1873	line_no_and_name	futex_waitv03 futex_waitv03
1874	futex_wake01	PASS	initial_full_campaign	results/20260822T034337Z-firemarshal-qemu-br-crun-ltp-0/nacc-ltp-crun-results.tsv	1874	line_no_and_name	futex_wake01 futex_wake01
1875	futex_wake02	PASS	initial_full_campaign	results/20260822T034337Z-firemarshal-qemu-br-crun-ltp-0/nacc-ltp-crun-results.tsv	1875	line_no_and_name	futex_wake02 futex_wake02
1876	futex_wake03	PASS	initial_full_campaign	results/20260822T034337Z-firemarshal-qemu-br-crun-ltp-0/nacc-ltp-crun-results.tsv	1876	line_no_and_name	futex_wake03 futex_wake03
1877	futex_wake04	PASS	initial_full_campaign	results/20260822T034337Z-firemarshal-qemu-br-crun-ltp-0/nacc-ltp-crun-results.tsv	1877	line_no_and_name	futex_wake04 futex_wake04
1878	futex_wait_bitset01	PASS	initial_full_campaign	results/20260822T034337Z-firemarshal-qemu-br-crun-ltp-0/nacc-ltp-crun-results.tsv	1878	line_no_and_name	futex_wait_bitset01 futex_wait_bitset01
1880	memfd_create01	PASS	initial_full_campaign	results/20260822T034337Z-firemarshal-qemu-br-crun-ltp-0/nacc-ltp-crun-results.tsv	1880	line_no_and_name	memfd_create01 memfd_create01
1881	memfd_create02	PASS	initial_full_campaign	results/20260822T034337Z-firemarshal-qemu-br-crun-ltp-0/nacc-ltp-crun-results.tsv	1881	line_no_and_name	memfd_create02 memfd_create02
1882	memfd_create03	PASS	initial_full_campaign	results/20260822T034337Z-firemarshal-qemu-br-crun-ltp-0/nacc-ltp-crun-results.tsv	1882	line_no_and_name	memfd_create03 memfd_create03
1883	memfd_create04	PASS	initial_full_campaign	results/20260822T034337Z-firemarshal-qemu-br-crun-ltp-0/nacc-ltp-crun-results.tsv	1883	line_no_and_name	memfd_create04 memfd_create04
1885	copy_file_range01	PASS	initial_full_campaign	results/20260822T034337Z-firemarshal-qemu-br-crun-ltp-0/nacc-ltp-crun-results.tsv	1885	line_no_and_name	copy_file_range01 copy_file_range01
1886	copy_file_range02	PASS	initial_full_campaign	results/20260822T034337Z-firemarshal-qemu-br-crun-ltp-0/nacc-ltp-crun-results.tsv	1886	line_no_and_name	copy_file_range02 copy_file_range02
1887	copy_file_range03	PASS	initial_full_campaign	results/20260822T034337Z-firemarshal-qemu-br-crun-ltp-0/nacc-ltp-crun-results.tsv	1887	line_no_and_name	copy_file_range03 copy_file_range03
1889	statx01	PASS	initial_full_campaign	results/20260822T034337Z-firemarshal-qemu-br-crun-ltp-0/nacc-ltp-crun-results.tsv	1889	line_no_and_name	statx01 statx01
1890	statx02	PASS	initial_full_campaign	results/20260822T034337Z-firemarshal-qemu-br-crun-ltp-0/nacc-ltp-crun-results.tsv	1890	line_no_and_name	statx02 statx02
1891	statx03	PASS	initial_full_campaign	results/20260822T034337Z-firemarshal-qemu-br-crun-ltp-0/nacc-ltp-crun-results.tsv	1891	line_no_and_name	statx03 statx03
1892	statx04	PASS	initial_full_campaign	results/20260822T034337Z-firemarshal-qemu-br-crun-ltp-0/nacc-ltp-crun-results.tsv	1892	line_no_and_name	statx04 statx04
1893	statx05	PASS	initial_full_campaign	results/20260822T034337Z-firemarshal-qemu-br-crun-ltp-0/nacc-ltp-crun-results.tsv	1893	line_no_and_name	statx05 statx05
1894	statx06	PASS	initial_full_campaign	results/20260822T034337Z-firemarshal-qemu-br-crun-ltp-0/nacc-ltp-crun-results.tsv	1894	line_no_and_name	statx06 statx06
1896	statx08	PASS	initial_full_campaign	results/20260822T034337Z-firemarshal-qemu-br-crun-ltp-0/nacc-ltp-crun-results.tsv	1896	line_no_and_name	statx08 statx08
1897	statx09	PASS	initial_full_campaign	results/20260822T034337Z-firemarshal-qemu-br-crun-ltp-0/nacc-ltp-crun-results.tsv	1897	line_no_and_name	statx09 statx09
1898	statx10	PASS	initial_full_campaign	results/20260822T034337Z-firemarshal-qemu-br-crun-ltp-0/nacc-ltp-crun-results.tsv	1898	line_no_and_name	statx10 statx10
1899	statx11	PASS	initial_full_campaign	results/20260822T034337Z-firemarshal-qemu-br-crun-ltp-0/nacc-ltp-crun-results.tsv	1899	line_no_and_name	statx11 statx11
1900	statx12	PASS	initial_full_campaign	results/20260822T034337Z-firemarshal-qemu-br-crun-ltp-0/nacc-ltp-crun-results.tsv	1900	line_no_and_name	statx12 statx12
1902	membarrier01	PASS	initial_full_campaign	results/20260822T034337Z-firemarshal-qemu-br-crun-ltp-0/nacc-ltp-crun-results.tsv	1902	line_no_and_name	membarrier01 membarrier01
1904	io_uring01	PASS	initial_full_campaign	results/20260822T034337Z-firemarshal-qemu-br-crun-ltp-0/nacc-ltp-crun-results.tsv	1904	line_no_and_name	io_uring01 io_uring01
1905	io_uring02	PASS	initial_full_campaign	results/20260822T034337Z-firemarshal-qemu-br-crun-ltp-0/nacc-ltp-crun-results.tsv	1905	line_no_and_name	io_uring02 io_uring02
1906	io_uring03	PASS	initial_full_campaign	results/20260822T034337Z-firemarshal-qemu-br-crun-ltp-0/nacc-ltp-crun-results.tsv	1906	line_no_and_name	io_uring03 io_uring03
